artist_names,track_name
Jimin,Who
"Jung Kook, Latto",Seven (feat. Latto) (Explicit Ver.)
Jimin,Be Mine
"V, Park Hyo Shin",Winter Ahead (with PARK HYO SHIN)
Jin,Running Wild
"Jimin, Loco",Smeraldo Garden Marching Band (feat. Loco)
"Jimin, Sofia Carson",Slow Dance (feat. Sofia Carson)
ROSÉ,toxic till the end
Jimin,Closer Than This
Jimin,Rebirth (Intro)
aespa,Whiplash
"ROSÉ, Bruno Mars",APT.
"G-DRAGON, TAEYANG, DAESUNG",HOME SWEET HOME (feat. TAEYANG & DAESUNG)
Jimin,Interlude : Showtime
Jimin,Who (Acoustic Remix)
Jimin,Who (Rock Remix)
Jimin,Who (Funky Remix)
Jimin,Who (Shibuyakei Remix)
"Jung Kook, Jack Harlow",3D (feat. Jack Harlow)
"Kendrick Lamar, SZA",luther (with sza)
Jin,I’ll Be There
Jimin,Who (Beautiful Mind Remix)
Jimin,Who (Instrumental)
Jimin,Like Crazy
"Lady Gaga, Bruno Mars",Die With A Smile
Jung Kook,Standing Next to You
DAY6,HAPPY
BABYMONSTER,DRIP
ILLIT,Magnetic
aespa,UP - KARINA Solo
G-DRAGON,CROOKED
G-DRAGON,POWER
G-DRAGON,"무제(無題) (Untitled, 2014)"
Billie Eilish,BIRDS OF A FEATHER
ILLIT,Cherish (My Love)
aespa,Supernova
BIGBANG,BANG BANG BANG
Lim Young Woong,Warmth
DAY6,한 페이지가 될 수 있게 Time of Our Life
Lim Young Woong,Home
Lim Young Woong,Grain of Sand
NewJeans,Supernatural
KISS OF LIFE,Igloo
ROSÉ,number one girl
Lim Young Woong,Do or Die
NewJeans,How Sweet
fromis_9,Supersonic
QWER,My Name is Malguem
Lim Young Woong,London Boy
"HAON, GISELLE",Skrr (feat. GISELLE)
BIGBANG,Still Life
ILLIT,Tick-Tack
WOODZ,Drowning
aespa,Armageddon
NewJeans,Ditto
BUMJIN,A Letter
"V, Bing Crosby",White Christmas (with V of BTS)
d4vd,Here With Me
LE SSERAFIM,CRAZY
DAY6,Welcome to the Show
Lim Young Woong,Polaroid
ILLIT,Lucky Girl Syndrome
Hwang Karam,I`m Firefly
Lim Young Woong,If We Ever Meet Again
DAY6,예뻤어 You Were Beautiful
BIGBANG,LAST DANCE
BIGBANG,Fantastic Baby
JAESSBEE,Every Moment With You
JENNIE,Mantra
NewJeans,Hype Boy
BIGBANG,Blue
Jimin,Like Crazy (English Version)
Bruno Mars,That's What I Like
DAY6,Congratulations
TWS,plot twist
BIGBANG,Sunset Glow
"Jin, WENDY",Heart on the Window (with WENDY)
ROSÉ,drinks or coffee
V,FRI(END)S
SZA,BMF
V,Love Me Again
aespa,Drama
BIGBANG,Haru Haru
QWER,T.B.H
NewJeans,OMG
Lim Young Woong,Rainbow
Lim Young Woong,"Our Blues, Our Life"
RIIZE,Boom Boom Bass
"Car, the garden",Closely Far Away
RIIZE,Get A Guitar
SZA,Kill Bill
"YANGHONGWON, Kid Milli, NO:EL, ksmartboi, Swings","Ballin (Feat. Kid Milli, NO:EL, Ksmartboi, Swings)"
Yoon Do Hyun,사랑했나봐
yung kai,blue
Jin,Another Level
Sabrina Carpenter,Espresso
NewJeans,Bubble Gum
Stray Kids,"그렇게, 천천히, 우리 (승민) As we are (Seungmin)"
"ZICO, JENNIE",SPOT!
Taylor Swift,Cruel Summer
고추잠자리,너라는 별
NewJeans,ETA
Lim Young Woong,A bientot
Lim Young Woong,Love Always Run Away
LEECHANGSUB,Heavenly fate
NewJeans,New Jeans
Baek A,Amor
Vaundy,踊り子
NewJeans,Super Shy
BIGBANG,LET'S NOT FALL IN LOVE
Tommy Richman,MILLION DOLLAR BABY
BIGBANG,SOBER
EXO,The First Snow
KISS OF LIFE,Sticky
Nerd Connection,If I have you only (My love X Nerd Connection)
데이먼스 이어 Damons year,yours
LE SSERAFIM,Perfect Night
Lim Young Woong,A Psalm of Life
BIGBANG,IF YOU
DAY6,녹아내려요 Melt Down
BIGBANG,FLOWER ROAD
LE SSERAFIM,EASY
The Black Skirts,EVERYTHING
Jin,Falling
G-DRAGON,WHO YOU?
Frank Ocean,Pink + White
AKMU,"How can I love the heartbreak, you're the one I love"
Jin,I will come to you
BIGBANG,LOSER
wave to earth,love.
"Jung Kook, BTS, FIFA Sound",Dreamers [Music from the FIFA World Cup Qatar 2022 Official Soundtrack]
wave to earth,seasons
Lim Young Woong,I Love You
NewJeans,Attention
BIGBANG,FXXK IT
Gracie Abrams,That’s So True
TAEYANG,"눈,코,입 (Eyes, Nose, Lips)"
KATSEYE,Touch
Sabrina Carpenter,Nonsense
Dhruv,double take
Lim Young Woong,Father
The NuTs,사랑의 바보
WONPIL,행운을 빌어 줘 A journey
Heo Hoy Kyung,So life goes on
V,Slow Dancing
RIIZE,Memories
BTS,Dynamite
tuki.,晩餐歌 - Bansanka
Brown Eyes,벌써 일년
Lim Jae Hyun,If there was practice in love
Lim Young Woong,Lovely Touch
SZA,Snooze
HYUKOH,TOMBOY
Lim Young Woong,Love Letter
The Weeknd,Die For You
BOYNEXTDOOR,"Earth, Wind & Fire"
"Jin, Taka",Falling (feat. Taka)
george,Boat
"HOZIHO, Choi Sung Ho",Don't Cry
Yuuri,ベテルギウス
BIGBANG,BAE BAE
Crush,Love You With All My Heart
Lim Young Woong,Nest
TWS,"If I’m S, Can You Be My N?"
"Post Malone, Swae Lee",Sunflower - Spider-Man: Into the Spider-Verse
Jin,The Astronaut
PLAVE,Pump Up The Volume!
BOYNEXTDOOR,Nice Guy
Mitski,My Love Mine All Mine
ECLIPSE,Sudden Shower
Kim MinSeok,DrunKen Confession
ROSÉ,gameboy
HYUKOH,Wi Ing Wi Ing
PLAVE,WAY 4 LUV
YENA,NEMONEMO
Jung Kook,Never Let Go
Kenshi Yonezu,Lemon
"G-DRAGON, ROSÉ",Without You (Feat. ROSE)
Geeks,Officially Missing You
Nerd Connection,‎Good Night Good Dream
Lim Young Woong,HERO
"The Kid LAROI, Justin Bieber",STAY (with Justin Bieber)
BABYMONSTER,SHEESH
JANNABI,for lovers who hesitate
"Loopy, OSUN, JP",OTL (OFF THE LEASH)
SZA,What Do I Do
Sabrina Carpenter,Taste
Justin Bieber,Love Yourself
Chappell Roan,"Good Luck, Babe!"
BIGBANG,Lies
Lim Jae Hyun,Rhapsody of Sadness
"SZA, Travis Scott",Open Arms (feat. Travis Scott)
Lim Young Woong,Elevator
OFFICIAL HIGE DANDISM,Pretender
"Nicky Youre, hey daisy",Sunroof
"TWICE, Megan Thee Stallion",Strategy (feat. Megan Thee Stallion)
NCT WISH,Steady
Nerd Connection,Silently Completely Eternally
LE SSERAFIM,Smart
Jung Kook,Yes or No
Leina,utatane
fromis_9,DM
MAKTUB,시작의 아이 ハジマリのコ (Starting With You)
"BSS, Lee Young Ji",Fighting (Feat. Lee Young Ji)
ROSÉ,3am
MEOVV,MEOW
BOYNEXTDOOR,But Sometimes
"DEAN, Gaeko",D (Half Moon)
Sabrina Carpenter,Please Please Please
Izi,응급실
TAEYEON,To. X
Yorushika,ただ君に晴れ
LEE MU JIN,Episode
BIG Naughty,Vancouver
D.O.,That's okay
Bruno Mars,Just the Way You Are
Coldplay,Viva La Vida
DPR LIVE,Jasmine
DEAN,instagram
"Lee Young Ji, D.O.",Small girl (feat. D.O.)
Lim Young Woong,Trust in me
"PSY, Lena Park",What Would Have Been? (Feat. Lena Park)
Oasis,Don't Look Back in Anger - Remastered
"LeeHi, Wonstein",H.S.K.T. (feat. Wonstein)
BIGBANG,WE LIKE 2 PARTY
"Car, the garden",나무
BOYNEXTDOOR,"IF I SAY, I LOVE YOU"
GFRIEND,Season of Memories
NewJeans,Hurt
Jung Seung Hwan,The Snowman
Ariana Grande,we can't be friends (wait for your love)
NewJeans,Cool With You
BUZZ,가시
Paul Kim,"Every day, Every Moment"
RIIZE,Hug
BSS,CBZ (Prime time)
"Sik-K, Lil Moshpit",LALALA (Snitch Club)
RIIZE,Love 119
Jung Kook,Still With You
"Sik-K, Lil Moshpit, Roh Yun Ha, Wuuslime","PUBLIC ENEMY (Feat. Roh Yun Ha, Wuuslime)"
"Sik-K, Lil Moshpit, JMIN, HAON","KC2 (Feat. JMIN, HAON)"
"Sik-K, Lil Moshpit",K-FLIP
"Sik-K, Lil Moshpit, HOMIES",SELF HATE (Feat. HOMIES)
Roy Kim,If You Ask Me What Love Is
BSS,Love Song
BSS,Happy Alone
Mac Miller,5 Dollar Pony Rides
LE SSERAFIM,ANTIFRAGILE
BIGBANG,Bad Boy
IVE,REBEL HEART
Doechii,DENIAL IS A RIVER
HUH YUNJIN,jellyfish
BOYNEXTDOOR,Dangerous
GFRIEND,Rough
BOYNEXTDOOR,Serenade
IVE,HEYA
NewJeans,Right Now
"Mac Miller, SZA",DJ's Chord Organ (feat. SZA)
"Central Cee, 21 Savage",GBP (feat. 21 Savage)
Mac Miller,Funny Papers
GIRIBOY,I Think It’s Love
Mac Miller,Do You Have A Destination?
Bank,Can't Have You
Mac Miller,Tambourine Dream
Mac Miller,Friendly Hallucinations
BOYNEXTDOOR,But I Like You
Yorushika,へび
YB,나는 나비
OneRepublic,I Ain't Worried
OneRepublic,Counting Stars
Lauv,I Like Me Better
The Walters,I Love You So
BABYMONSTER,FOREVER
D.O.,Snowfall at Night
GD&TOP,High High
"PATEKO, ASH ISLAND, Skinny Brown","Rainy day (Feat. ASH ISLAND, Skinny Brown)"
ZEROBASEONE,Doctor! Doctor!
BOYNEXTDOOR,One and Only
NewJeans,Cookie
NCT WISH,Miracle
Travis Scott,4X4
MeloMance,Gift
"Sexyy Red, Bruno Mars",Fat Juicy & Wet
Jin,Close to You
Ed Sheeran,Shape of You
Kenshi Yonezu,BOW AND ARROW
Park Hyo Shin,"눈의 꽃 - 미안하다, 사랑한다 (Original Television Soundtrack)"
Choi Yu Ree,Forest
The Weeknd,Blinding Lights
Benson Boone,Beautiful Things
"JENNIE, Dominic Fike",Love Hangover (feat. Dominic Fike)
"The Weeknd, Justice",Wake Me Up (feat. Justice)
The Weeknd,Cry For Me
"The Weeknd, Anitta",São Paulo (feat. Anitta)
"The Weeknd, Playboi Carti",Timeless (feat Playboi Carti)
The Weeknd,Open Hearts
The Weeknd,Baptized In Fear
"The Weeknd, Travis Scott, Florence + The Machine","Reflections Laughing (feat. Travis Scott, Florence + The Machine)"
The Weeknd,Opening Night
"The Weeknd, Future",Enjoy The Show (feat. Future)
The Weeknd,I Can't Wait To Get There
The Weeknd,Given Up On Me
The Weeknd,Niagara Falls
The Weeknd,Take Me Back To LA
"The Weeknd, JENNIE, Lily-Rose Depp","One Of The Girls (with JENNIE, Lily Rose Depp)"
IVE,ATTITUDE
PLAVE,Dash
PLAVE,Chroma Drift
PLAVE,RIZZ
PLAVE,Island
PLAVE,12:32 (A to T)
Kendrick Lamar,Not Like Us
Lady Gaga,Abracadabra
Yerin Baek,Bye bye my blue
"Kendrick Lamar, Lefty Gunplay",tv off (feat. lefty gunplay)
BOYNEXTDOOR,Gonna Be A Rock
V,Christmas Tree
"LISA, Doja Cat, RAYE",Born Again (feat. Doja Cat & RAYE)
Kendrick Lamar,squabble up
"Kendrick Lamar, SZA","All The Stars (with SZA) - From ""Black Panther: The Album"""
"Ty Dolla $ign, Yé",Wheels Fall Off (feat. Ye)
Molly Yam,Burning slow
Kendrick Lamar,HUMBLE.
"SZA, Kendrick Lamar",30 For 30 (with Kendrick Lamar)
ASH ISLAND,Ghost of You
"Molly Yam, Sik-K, GGM LIL DRAGON","Burning slow (feat. Sik-K, GGM LIL DRAGON) - Remix"
Jimin,Christmas Love
JISOO,earthquake
JISOO,Your Love
JISOO,TEARS
JISOO,Hugs & Kisses
Sabrina Carpenter,Busy Woman
"Kendrick Lamar, Zacari",LOVE. FEAT. ZACARI.
ZO ZAZZ,Don`t you know(PROD.ROCOBERRY)
"JENNIE, Doechii",ExtraL (feat. Doechii)
"Don Toliver, Speedy, j-hope, Pharrell Williams",LV Bag (feat. j-hope of BTS & Pharrell Williams)
BIBI,Bluebird
YOASOBI,夜に駆ける
CHUNG HA,STRESS
KiiiKiii,I DO ME
Hearts2Hearts,The Chase
Lim Changjung,내가 저지른 사랑
"G-DRAGON, Anderson .Paak",TOO BAD
G-DRAGON,DRAMA
G-DRAGON,TAKE ME
G-DRAGON,IBELONGIIU
G-DRAGON,보나마나 (BONAMANA)
G-DRAGON,GYRO-DROP
hunnie gz,Me do i
Hearts2Hearts,Butterflies
The Volunteers,Rules
G-DRAGON,A Boy
BOYNEXTDOOR,So let's go see the stars
BTS,Spring Day
"LISA, Future",FXCK UP THE WORLD (feat. Future)
GD X TAEYANG,GOOD BOY
"Tyler, The Creator, Kali Uchis",See You Again (feat. Kali Uchis)
LISA,Moonlit Floor (Kiss Me)
LEE MU JIN,Coming Of Age Story
NMIXX,High Horse
Mrs. GREEN APPLE,ライラック
"The Chainsmokers, Halsey",Closer
JENNIE,like JENNIE
"JENNIE, Dua Lipa",Handlebars (feat. Dua Lipa)
10CM,To Reach You
JENNIE,ZEN
JENNIE,start a war
JENNIE,with the IE (way up)
"JENNIE, Childish Gambino, Kali Uchis",Damn Right (feat. Childish Gambino & Kali Uchis)
"JENNIE, FKJ",Intro : JANE with FKJ
"j-hope, Miguel",Sweet Dreams (feat. Miguel)
JENNIE,F.T.S.
JENNIE,Seoul City
JENNIE,Filter
JENNIE,Starlight
JENNIE,twin
Doechii,Anxiety
Lady Gaga,Garden Of Eden
5 Seconds of Summer,Teeth
Seungmin,My Destiny
PLAVE,Wait for you
YEJI,Air
TREASURE,YELLOW
LE SSERAFIM,HOT
Playboi Carti,EVIL J0RDAN
Playboi Carti,POP OUT
"Playboi Carti, Travis Scott",CRUSH (with Travis Scott)
"Playboi Carti, The Weeknd",RATHER LIE (with The Weeknd)
LE SSERAFIM,Come Over
Playboi Carti,K POP
Playboi Carti,MOJO JOJO
LE SSERAFIM,Ash
"Playboi Carti, Travis Scott",PHILLY (with Travis Scott)
"Playboi Carti, Kendrick Lamar, Jhené Aiko",BACKD00R (feat. Kendrick Lamar & Jhené Aiko)
LE SSERAFIM,So Cynical (Badum)
Playboi Carti,RADAR
Playboi Carti,FINE SHIT
LE SSERAFIM,Born Fire
BOYNEXTDOOR,Never Loved This Way Before
"Playboi Carti, Skepta",TOXIC (with Skepta)
Playboi Carti,I SEEEEEE YOU BABY BOI
"Playboi Carti, Kendrick Lamar",GOOD CREDIT (with Kendrick Lamar)
Playboi Carti,MUNYUN
Playboi Carti,CRANK
"Playboi Carti, Future, Travis Scott",CHARGE DEM HOES A FEE (with Future & Travis Scott)
Chappell Roan,The Giver
"Playboi Carti, Travis Scott",WAKE UP F1LTHY (with Travis Scott)
"Playboi Carti, Future",TRIM (with Future)
Playboi Carti,COCAINE NOSE
"Playboi Carti, Young Thug, Ty Dolla $ign",WE NEED ALL DA VIBES (with Young Thug & Ty Dolla $ign)
"Playboi Carti, Lil Uzi Vert",JUMPIN (with Lil Uzi Vert)
Playboi Carti,HBA
"Playboi Carti, Lil Uzi Vert",TWIN TRIM (with Lil Uzi Vert)
Playboi Carti,OLYMPIAN
Playboi Carti,LIKE WEEZY
Playboi Carti,OPM BABI
"Sam Smith, Kim Petras",Unholy (feat. Kim Petras)
"Sam Smith, Kim Petras",Unholy (feat. Kim Petras) - Orchestral Version
NMIXX,KNOW ABOUT ME
NMIXX,Slingshot (＜★)
NMIXX,Papillon
NMIXX,Golden Recipe
"Sik-K, Lil Moshpit, Bryan Chase, Okasian","LOV3 (Feat. Bryan Chase, Okasian)"
NMIXX,Ocean
OVAN,Flower
"MARK, HAECHAN",+82 Pressin'
STAYC,BEBE - Japanese ver.
Lil Tecca,Dark Thoughts
MINNIE,HER
"Car, the garden",Home Sweet Home
j-hope,MONA LISA
"Jack Harlow, Doja Cat",Just Us (feat. Doja Cat)
ILLIT,Almond Chocolate (Korean Ver.)
Song Sohee,Not a Dream
BOL4,Bom
LUCY,Flowering
"Loco, YUJU",Spring Is Gone by chance
Martin Smith,Paint On Spring - Remastering
Playboi Carti,2024
Playboi Carti,FOMDJ
"Playboi Carti, Travis Scott",BACKR00MS (with Travis Scott)
LUCY,Wakey Wakey
Ariana Grande,twilight zone
Stray Kids,CINEMA (리노 & 승민) CINEMA (Lee Know & Seungmin)
Ai Higuchi,Akuma no Ko
BEOMGYU,Panic
Hebi,EVER
"Kodak Black, NLE Choppa, Jimin, JVKE, Muni Long, Fast & Furious: The Fast Saga","Angel Pt. 1 (feat. Jimin of BTS, JVKE & Muni Long)"
HANRORO,Let Me Love My Youth
izna,SIGN
Busker Busker,Cherry Blossom Ending
Drake,NOKIA
C JAMM,LAYERED
Ed Sheeran,Azizam
Kenshi Yonezu,感電
HYUN SEO,DayDream
BOL4,Galaxy
고추잠자리,작은 봄
AKMU,200%
10CM,What The Spring??
AKMU,Give Love
The Black Skirts,1:05
MARK,1999
"D-Hack, PATEKO",OHAYO MY NIGHT
MAKTUB,The Eternal Moment
"The Chainsmokers, Coldplay",Something Just Like This
"Travis Scott, Playboi Carti",FE!N (feat. Playboi Carti)
KANGDANIEL,Mess
데이먼스 이어 Damons year,josee!
Yerin Baek,Antifreeze
Lana Del Rey,"Henry, come on"
BOL4,Some
NCT WISH,poppop
NCT WISH,Melt Inside My Pocket
Lim Young Woong,Heavenly Ever After
NCT WISH,1000
NCT WISH,Silly Dance
NCT WISH,Design
NCT WISH,Still 3PM
Coldplay,Yellow
SPYAIR,サムライハート(Some Like It Hot!!)
Coldplay,The Scientist
Coldplay,Paradise
"Coldplay, BTS",My Universe
Coldplay,Adventure of a Lifetime
Coldplay,A Sky Full of Stars
Coldplay,Hymn for the Weekend
Coldplay,Fix You
Coldplay,Higher Power
Coldplay,Clocks
Coldplay,Sparks
Kim Seungmin,Hope You're Doing Well
TWS,Countdown!
Shawn Mendes,There's Nothing Holdin' Me Back
Lauv,Paris in the Rain
Hebi,Onward
"G-DRAGON, 황정민, Defconn, Hong Jinkyung, Jung Hyungdon, 조세호, Kian84, ANH SUNG JAE, TAEYANG, Jung Hae In, Hwang Kwang Hee, Yim Siwan, LEE SOO HYUK, DAESUNG, CODE KUNST, CL, KIM GO EUN, DAY6, BSS, aespa",Good Day 2025 (Telepathy + By the Moonlight Window)
LUCY,Hippo
Lorde,What Was That
Coldplay,feelslikeimfallinginlove
MEOVV,HANDS UP
"JANNABI, KARINA",May the TENDERNESS be with you! (feat. KARINA of aespa)
JANNABI,I WILL DIE FOR YOU♥x3
Lim Young Woong,My Starry Love
&TEAM,Go in Blind
JANNABI,I watched the sunset from the rooftop
JANNABI,"All the Boys and Girls, Pt.1 : Birdman"
"PATEKO, Jayci yucca, Kid Wine",Think About You
JANNABI,FLASH
"Primary, CHOIZA, Zion.T","question mark (Feat. CHOIZA Of Dynamicduo, Zion.T)"
"Lee Know, Seungmin, I.N",START!
FIFTY FIFTY,Pookie
"DONDA, Kanye West, Ye",TRUE LOVE
KATSEYE,Gnarly
"Maroon 5, LISA",Priceless (feat. LISA)
TOMORROW X TOGETHER,Love Language
"TABLO, RM",Stop The Rain (TABLO X RM)
Ed Sheeran,Old Phone
DAY6,Maybe Tomorrow
Yerin Baek,1-4-3
DAY6,끝났지 game over
Yerin Baek,Seeking happy in the crowd
"ROSÉ, F1 The Album",Messy (From F1® The Movie)
Yorushika,火星人
Lim Jae Hyun,I'm a Little Drunk
ATLXS,PASSO BEM SOLTO - Slowed
TOMORROW X TOGETHER,When the Day Comes
D.O.,FOREVER
tripleS,깨어 (Are You Alive)
MEOVV,DROP TOP
BOYNEXTDOOR,I Feel Good
BOYNEXTDOOR,123-78
BOYNEXTDOOR,Step By Step
BOYNEXTDOOR,Is That True?
BOYNEXTDOOR,Next Mistake
"Dave, Central Cee",Sprinter
Benson Boone,Mystical Magical
BOYNEXTDOOR,I Feel Good (English Ver.)
wave to earth,bad
Jin,Don’t Say You Love Me
Jin,Nothing Without Your Love
"Jin, YENA",Loser (feat. YENA)
Jin,With the Clouds
Jin,Rope It
Jin,Background
Jin,"To Me, Today"
Redoor,Forever Has Always Been
RIIZE,Fly Up
RIIZE,Bag Bad Back
RIIZE,Odyssey
RIIZE,Ember to Solar
RIIZE,Show Me Love
RIIZE,The End of the Day
RIIZE,Midnight Mirage
RIIZE,Inside My Love
RIIZE,Passage
RIIZE,Another Life
BAEKHYUN,Elevator
BAEKHYUN,Chocolate
BAEKHYUN,Black Dreams
i-dle,Good Thing
BAEKHYUN,Love Comes Back
Zion.T,No Make Up
ZUTOMAYO,CREAM
The Black Skirts,Antifreeze
Woody,Sadder Than Yesterday
SHINee,Poet | Artist
"Loco, Punch",Say Yes
SEVENTEEN,THUNDER
SEVENTEEN,HBD
"SEVENTEEN, Pharrell Williams",Bad Influence (Prod. by Pharrell Williams)
Alex Warren,Ordinary
SEVENTEEN,99.9% (WONWOO Solo)
SEVENTEEN,Skyfall (THE 8 Solo)
SEVENTEEN,Raindrops (SEUNGKWAN Solo)
IU,Never Ending Story
IU,Square's dream
IU,October 4th
IU,Red Sneakers
"IU, Wonstein",Last Scene (Feat. Wonstein)
"IU, Balming Tiger",A Beautiful Person (Feat. Balming Tiger)
SEVENTEEN,Fortunate Change (JOSHUA Solo)
SEVENTEEN,Shake It Off (MINGYU Solo)
"Primary, Dynamicduo",Johnny
BOOHWAL,Never Ending Story
"SEVENTEEN, Timbaland",Damage (HOSHI Solo) (feat. Timbaland)
Charli xcx,party 4 u
Lil Tecca,OWA OWA
LEE MU JIN,Bird On The Edge
Dynamicduo,Guilty
"Leellamarz, Hannah",Trip
"MAKTUB, LEE RAON",To You My Light (feat. LEE RAON)
#Annyeong,Dial Your Number
Lim Changjung,Soju Hanjan
Harry Styles,As It Was
"BUMKEY, Dynamo Duo",Attraction (feat. Dynamo Duo)
데이먼스 이어 Damons year,Salty
"Tate McRae, F1 The Album",Just Keep Watching (From F1® The Movie)
ENHYPEN,Bad Desire (With or Without You)
ENHYPEN,Outside
ENHYPEN,Helium
ENHYPEN,Too Close
ENHYPEN,Flashover
Sabrina Carpenter,Manchild
AKMU,Last Goodbye
"Woo, Loco, GRAY",We Are
Nilo,Pass by
Yverthug,All Or Nothing
Daryl Lee,再遇见你
N.Flying,Everlasting
COOL,애상
QWER,Dear
DOYOUNG,Memory
KISS OF LIFE,Lips Hips Kiss
izna,BEEP
DOYOUNG,Be My Light
"LILY, JIWOO, KYUJIN",Ridin′ (Prod. THE HUB)
LE SSERAFIM,DIFFERENT
UmYull,We′re no different
"GUMMY, SINCE",Flip Flop (Prod. Padi)
YUMDDA,My Life
YUMDDA,The Quiett
YUMDDA,Irony
YUMDDA,Ugh!
"j-hope, GloRilla",Killin' It Girl (feat. GloRilla)
j-hope,Killin' It Girl (Solo Version)
ATEEZ,Lemon Drop
Lil Tecca,Half The Plot
YUMDDA,D.R.E.A.M
Lil Tecca,The Truth
Lil Tecca,Favorite Lie
YUMDDA,Pure Love(純情)2025
YUMDDA,sWing
HxW,ECHO! (Prod. WOOZI)
YUMDDA,Y-3
YUMDDA,At the time
"Leellamarz, TOIL",Don′t do That
PLAVE,かくれんぼ (Hide and Seek)
PLAVE,RIZZ - Japanese Ver.
Jin,Don’t Say You Love Me (Disco Remix)
Jehwwn,No Hope For Your Return
PLAVE,Chroma Drift - Japanese Ver.
ILLIT,Billyeoon Goyangi (Do the Dance)
ILLIT,little monster
BlackNut,0
Fujii Kaze,きらり
PLAVE,Our Movie
ILLIT,jellyous
KANGDANIEL,Episode
The Black Skirts,Till The End of Time
"MilliMax, DRIP TARKO",Zombie (feat. DRIP TARKO)
PLAVE,We don't stop
"Zac Efron, Zendaya",Rewrite The Stars
Maroon 5,Sunday Morning
Bruno Mars,Versace on the Floor
ILLIT,oops!
Justin Bieber,Boyfriend - Acoustic Version
Hearts2Hearts,STYLE
ILLIT,bamsopoong
"BIG Naughty, LEE CHANHYUK",MUSIC (Feat. LEE CHANHYUK)
"Jimin, HA SUNG WOON",With you
KATSEYE,Gabriela
"Epik High, Younha",우산 (feat. 윤하)
Woody,Flower in the Desert - Kor Version
"Heize, Shin Yong Jae","You, Clouds, Rain"
OHHYUK,A Little Girl
"Ye, Kanye West",PREACHER MAN
KANA-BOON,シルエット
"Ye, Kanye West",BEAUTY AND THE BEAST
"Ye, Kanye West",DAMN
"HUNTR/X, EJAE, AUDREY NUNA, REI AMI, KPop Demon Hunters Cast",Golden
ALLDAY PROJECT,FAMOUS
ALLDAY PROJECT,WICKED
"Saja Boys, Andrew Choi, Neckwav, Danny Chung, KEVIN WOO, samUIL Lee, KPop Demon Hunters Cast",Soda Pop
"Saja Boys, Andrew Choi, Neckwav, Danny Chung, KEVIN WOO, samUIL Lee, KPop Demon Hunters Cast",Your Idol
"HUNTR/X, EJAE, AUDREY NUNA, REI AMI, KPop Demon Hunters Cast",How It’s Done
MeloMance,"사랑인가 봐 Love, Maybe"
"HUNTR/X, EJAE, AUDREY NUNA, REI AMI, KPop Demon Hunters Cast",Takedown
"HUNTR/X, EJAE, AUDREY NUNA, REI AMI, KPop Demon Hunters Cast",What It Sounds Like
"Rumi, Jinu, KPop Demon Hunters Cast, EJAE, Andrew Choi",Free
TWICE,"TAKEDOWN (JEONGYEON, JIHYO, CHAEYOUNG)"
fromis_9,LIKE YOU BETTER
ITZY,Girls Will Be Girls
TWICE,Strategy
fromis_9,REBELUTIONAL
aespa,Dirty Work
"aespa, Flo Milli",Dirty Work (feat. Flo Milli)
aespa,Dirty Work - English Version
"Alex Warren, ROSÉ",On My Mind
KATSEYE,Gameboy
d4vd,Sleep Well
"Don Toliver, Doja Cat, F1 The Album",Lose My Mind (feat. Doja Cat) [From F1® The Movie]
AHOF,Rendezvous
BABYMONSTER,HOT SAUCE
The Black Skirts,Ling Ling
sombr,back to friends
H1-KEY,Summer Was You
"Ed Sheeran, F1 The Album",Drive (From F1® The Movie)
HANRORO,Can I Be Me?
HANRORO,Landing in Love
Drake,What Did I Miss?
JEON SOMI,EXTRA
BLACKPINK,As If It's Your Last
D.O.,SING ALONG!
"Silica Gel, Japanese Breakfast",NamgungFEFERE (feat. Japanese Breakfast)
D.O.,Do you remember?
D.O.,I’ll Be There
"HUNTR/X, EJAE, AUDREY NUNA, REI AMI, KPop Demon Hunters Cast",Golden - Acapella
D.O.,Nobody Knows It
BLACKPINK,JUMP
ATEEZ,In Your Fantasy
Justin Bieber,DAISIES
Justin Bieber,ALL I CAN TAKE
Justin Bieber,GO BABY
Justin Bieber,YUKON
TWICE,THIS IS FOR
Justin Bieber,THINGS YOU DO
"Justin Bieber, Gunna",WAY IT IS
Justin Bieber,BUTTERFLIES
Justin Bieber,FIRST PLACE
Justin Bieber,WALKING AWAY
"Justin Bieber, Cash Cobain, Eddie Benjamin",SWAG
"Justin Bieber, Dijon",DEVOTION
"Justin Bieber, Sexyy Red",SWEET SPOT
BLACKPINK,Kill This Love
"Justin Bieber, Druski",SOULFUL
"Travis Scott, Don Toliver",CHAMPAIN & VACAY
"Travis Scott, Sheck Wes, Don Toliver",2000 EXCURSION
Travis Scott,KICK OUT
Travis Scott,DUMBO
"Travis Scott, Playboi Carti, Future",WHERE WAS YOU
SoFaygo,MM3
NCT DREAM,BTTF
NCT DREAM,CHILLER
Beenzino,Aqua Man
BLACKPINK,Pink Venom
NCT DREAM,I LIKE IT
"JVKE, TOMORROW X TOGETHER, LE SSERAFIM, TAEHYUN, KIM CHAEWON",butterflies (feat. TAEHYUN & Kim Chaewon of LE SSERAFIM)
"Epik High, Colde",Rain Song (Feat. Colde)
Tim,사랑합니다...
V,Rainy Days
NOWZ,Problem Child
aespa,Dark Arts
BTS,Blue & Grey - Live
BTS,Permission to Dance - Live
"Tyler, The Creator, Pharrell Williams",Big Poe (feat. Sk8brd)
"Tyler, The Creator",Sugar On My Tongue
"Tyler, The Creator",Sucka Free
"Tyler, The Creator",Ring Ring Ring
"Tyler, The Creator",Mommanem
"Tyler, The Creator",Stop Playing With Me
"Tyler, The Creator, Madison McFerrin",Don't You Worry Baby (feat. Madison McFerrin)
"Tyler, The Creator",Don't Tap That Glass / Tweakin'
"Tyler, The Creator, Yebba",I'll Take Care of You (feat. Yebba)
TOMORROW X TOGETHER,Beautiful Strangers
"Tyler, The Creator",Tell Me What It Is
TOMORROW X TOGETHER,Ghost Girl
TOMORROW X TOGETHER,Upside Down Kiss
ENHYPEN,No Doubt
TOMORROW X TOGETHER,Sunday Driver
"Drake, Central Cee",Which One (feat. Central Cee)
LEE CHANHYUK,Endangered Love
LEE CHANHYUK,Vivid LaLa Love
"HUNTR/X, EJAE, AUDREY NUNA, REI AMI, KPop Demon Hunters Cast, David Guetta",Golden - David Guetta REM/X
"ILLIT, Sophie Powers",jellyous (Feat. Sophie Powers)
"Metro Boomin, J Money, DJ Spinz",I Want It All
Chappell Roan,The Subway
YENA,Being a Good Girl Hurts
HANRORO,Welcome!
HANRORO,The Suspect
HANRORO,"Goodbye, My Summer"
HANRORO,0+0
HANRORO,Light or Rain
KiiiKiii,DANCING ALONE
SHAUN,Way Back Home
keshi,WANTCHU
Yorushika,修羅
Ed Sheeran,A Little More
"KC, Sik-K",she’s so outta control
Turtles,비행기
"Park Da Hye, MAKTUB",Starting With You ❍
GongGongGoo009,Walk
NCT WISH,Surf
JEON SOMI,CLOSER
"KEY, EUNHO",Infatuation
"Way Ched, TRADE L, Leellamarz",FLIRT (Feat. Leellamarz)
Choi Yu Ree,"잘 지내자, 우리"
"MXZI, Dj Samir, DJ Javi26",MONTAGEM XONADA
BOYNEXTDOOR,Count To Love
"Vince, G-DRAGON",CHA CHA CHA
LE SSERAFIM,FEARLESS (2023 Ver.)
DAY6,바래 Wish
DAY6,Love me or Leave me
OFFICIAL HIGE DANDISM,Laughter
"Epik High, OHHYUK",HOME IS FAR AWAY
DAY6,I Loved You
DAY6,Zombie
DAY6 (Even of Day),뚫고 지나가요 Right Through Me
DAY6,Shoot Me
sunwoojunga,Run with Me
DAY6,그게 너의 사랑인지 몰랐어 didn't know
One Direction,History
DAY6,아직 거기 살아 Still There
DAY6,그녀가 웃었다 She Smiled
John Mayer,Rosie
Objective.,Everything
DAY6,마라톤 Marathon
DAY6 (Even of Day),MAPLELATTE
DAY6,괴물 Monster
Young K,Love will find a way
"DOWOON, Song Heejin",문득 Out of the Blue
FunkyMo,Maybe Next Time
DAY6,Healer
DAY6 (Even of Day),파도가 끝나는 곳까지 Where the sea sleeps
DAY6 (Even of Day),우린 WE
DAY6,망겜 Shxtty Game
Epik High,Love Love Love
Stray Kids,CEREMONY
Doja Cat,Jealous Type
Daniel Caesar,Call On Me
Stray Kids,삐처리 BLEEP
CORTIS,What You Want
Stray Kids,CREED
Stray Kids,엉망 (MESS)
Stray Kids,반전 (Half Time)
Stray Kids,In My Head
"Nakama, Mc Staff",MENTE MÁ
고추잠자리,OPENING
IVE,XOXZ
Zion.T,LOVE ME
"Crush, SUMIN",UP ALL NITE (Feat. SUMIN)
Crush,2-5-1
Sabrina Carpenter,Tears
Lim Young Woong,Eternal Moment
Lim Young Woong,ULSSIGU
Lim Young Woong,Unread Message
"Crush, Loco",FREQUENCY (Feat. Loco)
Sabrina Carpenter,My Man on Willpower
Lim Young Woong,I’m HERO
Lim Young Woong,Left in the Rain
Lim Young Woong,Melody for You
Lim Young Woong,Wonderful Life
Lim Young Woong,"I’m sorry, But…"
Lim Young Woong,Wild flower
Lim Young Woong,A Song For Us
Jimin,Set Me Free Pt.2
Lim Young Woong,Don’t look back at me
Yoko Takahashi,残酷な天使のテーゼ
DELISPICE,고백
NCT WISH,COLOR
NCT WISH,Baby Blue
NCT WISH,Cheat Code
Juho,without me
NCT WISH,Reel-ationship
NCT WISH,Videohood
NCT WISH,WICHU
데이먼스 이어 Damons year,Auburn - HEADACHE. Version
Silica Gel,NO PAIN
aespa,Rich Man
aespa,Drift
aespa,Bubble
DAY6,INSIDE OUT
aespa,Count On Me
aespa,Angel #48
DAY6,꿈의 버스 Dream Bus
aespa,To The Girls
DAY6,"해야 뜨지 말아 줘 Sun, Stay Asleep"
DAY6,Disco Day
DAY6,My Way
Justin Bieber,SPEED DEMON
Justin Bieber,LOVE SONG
DAY6,별들 앞에서 Before the Stars
DAY6,Take All My Heart
Justin Bieber,BETTER MAN
DAY6,날아라! 드림라이더 Dream Rider
DAY6,드디어 끝나갑니다 So It’s the End
CORTIS,GO!
HAECHAN,CRZY
CORTIS,FaSHioN
DECO*27,モニタリング (Best Friend Remix)
CORTIS,JoyRide
Novelbright,Walking with you
IU,"Bye, Summer"
"VALORANT, templuv, 347aidan",Last Shot
ILLIT,Toki Yo Tomare
Lady Gaga,The Dead Dance
Love Is,Chains
Leessang,Ballerino
ZEROBASEONE,ICONIK
"BIG Naughty, LEE MU JIN",Bye Bye (Feat. LEE MU JIN)
Kenshi Yonezu,IRIS OUT
PLAVE,숨바꼭질 (Hide and Seek)
DAYOUNG,body
Kenshi Yonezu,KICK BACK
"Leellamarz, TOIL, Paloalto",GONE
"Mark Vank, Samu",4AM IN IBIZA
CHAEYOUNG,SHOOT (Firecracker)
Aimyon,愛を伝えたいだとか
Joosiq,Think About You
d4vd,Romantic Homicide
"Earth, Wind & Fire",September
야다,이미 슬픈 사랑
"Kenshi Yonezu, Hikaru Utada",JANE DOE
AiNA THE END,革命道中 - On The Way
BROWN EYED SOUL,Moments Like This
WOODZ,I'll Never Love Again
Hearts2Hearts,Pretty Please
Doja Cat,Gorgeous
Rokudenashi,ただ声一つ
Heo Hoy Kyung,Kim Cheolsu Story
imase,NIGHT DANCER
izna,Mamma Mia
BOYNEXTDOOR,Ruin My Life
Mrs. GREEN APPLE,インフェルノ
Taylor Swift,The Fate of Ophelia
Taylor Swift,Opalite
Taylor Swift,Elizabeth Taylor
Taylor Swift,Father Figure
Taylor Swift,Wood
"Taylor Swift, Sabrina Carpenter",The Life of a Showgirl (feat. Sabrina Carpenter)
Taylor Swift,Eldest Daughter
Taylor Swift,Actually Romantic
Taylor Swift,Wi$h Li$t
Taylor Swift,Ruin The Friendship
Yerin Baek,MIRROR
Taylor Swift,CANCELLED!
Taylor Swift,Honey
Lee Moon Sae,깊은 밤을 날아서
kensuke ushio,in the pool
"JISOO, ZAYN",EYES CLOSED (with ZAYN)
BABYMONSTER,WE GO UP
HANRORO,"Even if you leave,"
Kenshi Yonezu,LADY
Tatsuya Kitani,青のすみか
고추잠자리,걸어줄래
Na Yoon Kwon,나였으면
NMIXX,Blue Valentine
NMIXX,SPINNIN′ ON IT
NMIXX,Phoenix
NMIXX,Reality Hurts
MEOVV,BURNING UP
NMIXX,RICO
NMIXX,Game Face
NMIXX,PODIUM
NMIXX,Crush On You
TWS,OVERDRIVE
NMIXX,ADORE U
AOA,Miniskirt
Sung Si Kyung,거리에서
Kenshi Yonezu,1991
Joji,PIXELATED KISSES
Charlie Puth,Changes
HWASA,Good Goodbye
BOYNEXTDOOR,Hollywood Action
Hearts2Hearts,FOCUS
BOYNEXTDOOR,Live In Paris
BOYNEXTDOOR,As Time Goes By
BOYNEXTDOOR,JAM!
BOYNEXTDOOR,Bathroom
Oasis,Wonderwall - Remastered
Hearts2Hearts,Apple Pie
Oasis,Acquiesce - Remastered
Oasis,Supersonic - Remastered
Oasis,Champagne Supernova - Remastered
Oasis,Live Forever
Hearts2Hearts,Flutter
DAVICHI,TIME CAPSULE
"LE SSERAFIM, j-hope",SPAGHETTI
LE SSERAFIM,Pearlies (My oyster is the world)
"LE SSERAFIM, j-hope",SPAGHETTI (English ver.)
LE SSERAFIM,SPAGHETTI (Member ver.)
Daniel Caesar,Root of all Evil
"Daniel Caesar, Sampha",Rain Down (Feat. Sampha)
Travis Scott,SICKO MODE
Travis Scott,BUTTERFLY EFFECT
Travis Scott,goosebumps
Travis Scott,HIGHEST IN THE ROOM
HANRORO,The last stop of our pain
"BIG Naughty, 10CM",Just 1 year (Feat. 10CM)
Roy Kim,No Words Can Say
&TEAM,Back to Life
Sondia,Grown Ups
&TEAM,MISMATCH
"DEAN, Miso",Nocturne 07 (for aerse)
LUCY,Where's Your Love
"Dynamicduo, DJ Premier",AEAO
"cape, JXNDRO, Sayfalse",MONTAGEM RUGADA
Mariah Carey,All I Want for Christmas Is You
JUNHEE,I'M GONE
"SYSTEM SEOUL, ycs",너
TWICE,What is Love?
"DJ Snake, Stray Kids",In The Dark (with Stray Kids)
Joji,Past Won't Leave My Bed
YEONJUN,Talk to You
natori,プロポーズ
PLAVE,BBUU!
PLAVE,Bongsoong-a
Lee Juck,Don't worry
"YEONJUN, Daniela Avanzini",Let Me Tell You (feat. Daniela of KATSEYE)
Sia,Snowman
SG Wannabe,Timeless
Charli xcx,Chains of Love
HANRORO,Goldfish
"YECHAN, AISH",WHY? (feat. AISH)
ALLDAY PROJECT,ONE MORE TIME
Ariana Grande,Santa Tell Me
aespa,GOOD STUFF - KARINA Solo
Tyla,CHANEL
NCT DREAM,Beat It Up
HANRORO,How To Go On
10CM,Stalker
Na Yoon Kwon,기대
JUSTHIS,LIT
"JUSTHIS, BUMKEY",Who Am I To Say (feat. Bumkey)
JUSTHIS,Curse
JUSTHIS,Don’t Cross
JUSTHIS,Gimmie
JUSTHIS,LOST
JUSTHIS,Childhood
JUSTHIS,Interrude
"JUSTHIS, Illinit",Can’t Quit THIS Shit (feat. ILLINIT)
"JUSTHIS, Insooni",VIVID (feat. Insooni)
"JUSTHIS, DEAN",Friend (feat. DEAN)
"JUSTHIS, Ra.D",Round and Round (feat. Ra. D)
JUSTHIS,Wrap It Up
JUSTHIS,Dusty Mauve Intermission
JUSTHIS,THISISJUSTHIS Pt. III
JUSTHIS,THISpatch
JUSTHIS,HOME HOME
JUSTHIS,Mine
"JUSTHIS, DUT2, Street Baby, GongGongGoo009","Lost Love (feat. DUT2 , Street Baby, GongGongGoo009)"
Stray Kids,Do It
Stray Kids,신선놀음 DIVINE
Stray Kids,Holiday
Woody,Say I Love You
Wham!,Last Christmas
ILLIT,NOT CUTE ANYMORE
RIIZE,Fame
ILLIT,NOT ME
HANRORO,Don't be afraid to fall
Ai Tomioka,Good bye-bye
2BIC,Love Game
RIIZE,Sticky Like
Kelly Clarkson,Underneath the Tree
RIIZE,Something’s in the Water
"Loco, HWASA",Don’t
BOL4,Eternal love
Jung Seung Hwan,If It Is You
NOWZ,HomeRUN
"KC, Sik-K, HAON, NOWIMYOUNG, HIRA",KOCAINE CASTLE
"KC, Sik-K, HAON, JMIN, NOWIMYOUNG",KANDY CRUSH
"KC, Sik-K",KUNICHI'S CALL
"KC, HAON, JMIN, NOWIMYOUNG",KURT COBAIN
george,I'll change
natori,Overdose
"KC, Sik-K, HAON, NOWIMYOUNG",KARMA COLLECTOR
KRYSTAL,Solitary
"KC, Sik-K, HAON, JMIN, NOWIMYOUNG",KAY COOL
"KC, NOWIMYOUNG",KOLOK COLOK
"Disney, Shakira",Zoo
"noahjooda, Basick","Love over hip hop, money over love (feat. Basick)"
TAEYEON,Panorama
Michael Bublé,It's Beginning to Look a Lot like Christmas
fromis_9,White Memories
데이먼스 이어 Damons year,Mondegreen
Vaundy,Kaiju no Hanauta
Justin Bieber,Mistletoe
back number,ヒロイン
Brenda Lee,Rockin' Around The Christmas Tree
"LEE MU JIN, Heize",When it snows(Feat.Heize)
Bobby Helms,Jingle Bell Rock
Alessia Cara,Make It To Christmas
Broski Musiq,Honesty
Jonas Brothers,Like It's Christmas
ALLDAY PROJECT,LOOK AT ME
ALLDAY PROJECT,YOU AND I
"ALLDAY PROJECT, ANNIE, WOOCHAN",WHERE YOU AT
"ALLDAY PROJECT, TARZZAN, BAILEY",HOT
Silica Gel,BIG VOID
"ksmartboi, GGM Kimbo",HARARI FLOW (feat. GGM Kimbo)
"ksmartboi, Kid Milli",Silicon Valley (feat. Kid Milli)
"ksmartboi, YUMDDA",Infinity Stairs (feat. Yumdda)
Dean Martin,Let It Snow! Let It Snow! Let It Snow!
Sung Si Kyung,Every moment of you
Nat King Cole,The Christmas Song (Merry Christmas To You)
DAY6,Lovin' the Christmas
AILEE,I Will Go To You Like the First Snow
Andy Williams,It's the Most Wonderful Time of the Year
"ZICO, Lilas",DUET
Hara,One Taste
Michael Bublé,Holly Jolly Christmas
"Wang OK, 李天责",Before spring ends（在春天消失之前）
EXO,Growl
Britney Spears,My Only Wish (This Year)
Ariana Grande,Last Christmas
"Gwen Stefani, Blake Shelton",You Make It Feel Like Christmas (feat. Blake Shelton)
"Kelly Clarkson, Ariana Grande","Santa, Can’t You Hear Me"
Ava Max,Christmas Without You
Laufey,Winter Wonderland
Brown Eyed Girls,Must Have Love
Darlene Love,Christmas (Baby Please Come Home)
Sabrina Carpenter,A Nonsense Christmas
The Ronettes,Sleigh Ride
"Straight No Chaser, Kristen Bell",Text Me Merry Christmas (feat. Kristen Bell)
José Feliciano,Feliz Navidad
Lukas Graham,HERE (For Christmas)
Taylor Swift,Lover
"IU, Chundung",Merry Christmas ahead (feat.Chundung)
Chuck Berry,Run Rudolph Run
Sia,Santa's Coming for Us
Liam Payne,All I Want (For Christmas)
John Williams,"Carol of the Bells (From ""Home Alone"" Soundtrack)"
Bebe Rexha,Count on Christmas
Sia,Candy Cane Lane
The Vamps,Jingle Bell Rock
John Legend,Bring Me Love
back number,クリスマスソング
"Sung Si Kyung, Park Hyo Shin, Lee Seok Hoon, Seo In Guk, VIXX",Because It's Christmas
TWICE,Merry & Happy
YANGHONGWON,EVE
YANGHONGWON,SONAGY
BABYMONSTER,Really Like You
Djo,End of Beginning
WJSN,As You Wish
Gaho,시작
Panic! At The Disco,High Hopes
aespa,Live My Life
Olivia Dean,So Easy (To Fall In Love)
