artist_names,track_name,genre,track_length_sec,release_country
Jimin,Who,K-Pop,170.888,USA
"Jung Kook, Latto",Seven (feat. Latto) (Explicit Ver.),K-Pop,185.295,USA
Jimin,Be Mine,K-Pop,207.348,USA
"V, Park Hyo Shin",Winter Ahead (with PARK HYO SHIN),K-Pop,234.895,USA
Jin,Running Wild,K-Pop,151.647,USA
"Jimin, Loco",Smeraldo Garden Marching Band (feat. Loco),K-Pop,182.841,USA
"Jimin, Sofia Carson",Slow Dance (feat. Sofia Carson),K-Pop,188.4,USA
ROSÉ,toxic till the end,Pop,156.686,USA
Jimin,Closer Than This,K-Pop,223.302,USA
Jimin,Rebirth (Intro),K-Pop,144.624,USA
aespa,Whiplash,K-Pop,183.227,USA
"ROSÉ, Bruno Mars",APT.,Pop,169.917,USA
"G-DRAGON, TAEYANG, DAESUNG",HOME SWEET HOME (feat. TAEYANG & DAESUNG),K-Pop,211.331,USA
Jimin,Interlude : Showtime,K-Pop,78.492,USA
Jimin,Who (Acoustic Remix),K-Pop,184.076,USA
Jimin,Who (Rock Remix),K-Pop,171.995,USA
Jimin,Who (Funky Remix),K-Pop,188.498,USA
Jimin,Who (Shibuyakei Remix),K-Pop,166.809,USA
"Jung Kook, Jack Harlow",3D (feat. Jack Harlow),K-Pop,202.046,USA
"Kendrick Lamar, SZA",luther (with sza),Hip-Hop/Rap,177.599,USA
Jin,I’ll Be There,K-Pop,181.678,USA
Jimin,Who (Beautiful Mind Remix),K-Pop,177.954,USA
Jimin,Who (Instrumental),K-Pop,170.888,USA
Jimin,Like Crazy,K-Pop,212.241,USA
"Lady Gaga, Bruno Mars",Die With A Smile,Pop,251.668,USA
Jung Kook,Standing Next to You,K-Pop,206.02,USA
DAY6,HAPPY,K-Pop,189.934,USA
BABYMONSTER,DRIP,Dance,180.846,USA
ILLIT,Magnetic,K-Pop,160.688,USA
aespa,UP - KARINA Solo,K-Pop,166.64,USA
G-DRAGON,CROOKED,K-Pop,255.747,USA
G-DRAGON,POWER,K-Pop,143.242,USA
G-DRAGON,"무제(無題) (Untitled, 2014)",K-Pop,222.868,USA
Billie Eilish,BIRDS OF A FEATHER,Alternative,210.373,USA
ILLIT,Cherish (My Love),K-Pop,176.854,USA
aespa,Supernova,K-Pop,178.88,USA
BIGBANG,BANG BANG BANG,K-Pop,220.178,USA
Lim Young Woong,Warmth,K-Pop,235.053,USA
DAY6,한 페이지가 될 수 있게 Time of Our Life,K-Pop,205.576,USA
Lim Young Woong,Home,K-Pop,235.333,USA
Lim Young Woong,Grain of Sand,K-Pop,220.313,USA
NewJeans,Supernatural,J-Pop,191.0,USA
KISS OF LIFE,Igloo,K-Pop,131.787,USA
ROSÉ,number one girl,Pop,216.443,USA
Lim Young Woong,Do or Die,K-Pop,205.44,USA
NewJeans,How Sweet,K-Pop,219.027,USA
fromis_9,Supersonic,K-Pop,174.147,USA
QWER,My Name is Malguem,K-Pop,188.32,USA
Lim Young Woong,London Boy,Rock,244.5,USA
"HAON, GISELLE",Skrr (feat. GISELLE),K-Pop,219.2,USA
BIGBANG,Still Life,K-Pop,188.369,USA
ILLIT,Tick-Tack,K-Pop,129.469,USA
WOODZ,Drowning,K-Pop,244.987,USA
aespa,Armageddon,K-Pop,196.467,USA
NewJeans,Ditto,K-Pop,185.507,USA
BUMJIN,A Letter,K-Pop,215.76,USA
"V, Bing Crosby",White Christmas (with V of BTS),Holiday,183.613,USA
d4vd,Here With Me,Alternative,242.485,USA
LE SSERAFIM,CRAZY,K-Pop,164.554,USA
DAY6,Welcome to the Show,K-Pop,217.068,USA
Lim Young Woong,Polaroid,Rock,206.4,USA
ILLIT,Lucky Girl Syndrome,K-Pop,140.021,USA
Hwang Karam,I`m Firefly,,,
Lim Young Woong,If We Ever Meet Again,K-Pop,274.375,USA
DAY6,예뻤어 You Were Beautiful,K-Pop,283.16,USA
BIGBANG,LAST DANCE,K-Pop,279.656,USA
BIGBANG,Fantastic Baby,K-Pop,230.573,USA
JAESSBEE,Every Moment With You,K-Pop,172.28,USA
JENNIE,Mantra,Pop,136.627,USA
NewJeans,Hype Boy,K-Pop,179.027,USA
BIGBANG,Blue,K-Pop,233.099,USA
Jimin,Like Crazy (English Version),K-Pop,212.254,USA
Bruno Mars,That's What I Like,Pop,206.697,USA
DAY6,Congratulations,K-Pop,229.293,USA
TWS,plot twist,K-Pop,152.4,USA
BIGBANG,Sunset Glow,K-Pop,204.92,USA
"Jin, WENDY",Heart on the Window (with WENDY),K-Pop,177.093,USA
ROSÉ,drinks or coffee,Pop,133.113,USA
V,FRI(END)S,K-Pop,148.082,USA
SZA,BMF,R&B/Soul,180.747,USA
V,Love Me Again,K-Pop,182.293,USA
aespa,Drama,K-Pop,214.973,USA
BIGBANG,Haru Haru,K-Pop,256.36,USA
QWER,T.B.H,K-Pop,175.88,USA
NewJeans,OMG,K-Pop,212.253,USA
Lim Young Woong,Rainbow,K-Pop,196.4,USA
Lim Young Woong,"Our Blues, Our Life",K-Pop,207.387,USA
RIIZE,Boom Boom Bass,K-Pop,152.89,USA
"Car, the garden",Closely Far Away,K-Pop,194.547,USA
RIIZE,Get A Guitar,K-Pop,160.372,USA
SZA,Kill Bill,R&B/Soul,153.947,USA
"YANGHONGWON, Kid Milli, NO:EL, ksmartboi, Swings","Ballin (Feat. Kid Milli, NO:EL, Ksmartboi, Swings)",,,
Yoon Do Hyun,사랑했나봐,Rock,238.88,USA
yung kai,blue,Alternative,214.357,USA
Jin,Another Level,K-Pop,162.834,USA
Sabrina Carpenter,Espresso,Pop,175.459,USA
NewJeans,Bubble Gum,K-Pop,200.267,USA
Stray Kids,"그렇게, 천천히, 우리 (승민) As we are (Seungmin)",K-Pop,213.573,USA
"ZICO, JENNIE",SPOT!,K-Pop,167.707,USA
Taylor Swift,Cruel Summer,Pop,178.426,USA
고추잠자리,너라는 별,Pop,177.093,USA
NewJeans,ETA,K-Pop,151.373,USA
Lim Young Woong,A bientot,K-Pop,256.373,USA
Lim Young Woong,Love Always Run Away,Soundtrack,242.76,USA
LEECHANGSUB,Heavenly fate,K-Pop,271.173,USA
NewJeans,New Jeans,K-Pop,108.987,USA
Baek A,Amor,Folk,188.942,USA
Vaundy,踊り子,Rock,229.328,USA
NewJeans,Super Shy,K-Pop,154.667,USA
BIGBANG,LET'S NOT FALL IN LOVE,K-Pop,211.927,USA
Tommy Richman,MILLION DOLLAR BABY,Hip-Hop/Rap,155.152,USA
BIGBANG,SOBER,K-Pop,237.513,USA
EXO,The First Snow,Holiday,207.74,USA
KISS OF LIFE,Sticky,K-Pop,157.12,USA
Nerd Connection,If I have you only (My love X Nerd Connection),Hip-Hop/Rap,118.72,USA
데이먼스 이어 Damons year,yours,Singer/Songwriter,165.229,USA
LE SSERAFIM,Perfect Night,K-Pop,159.08,USA
Lim Young Woong,A Psalm of Life,K-Pop,233.36,USA
BIGBANG,IF YOU,K-Pop,264.216,USA
DAY6,녹아내려요 Melt Down,K-Pop,165.587,USA
BIGBANG,FLOWER ROAD,K-Pop,228.632,USA
LE SSERAFIM,EASY,K-Pop,164.545,USA
The Black Skirts,EVERYTHING,Indie Rock,293.0,USA
Jin,Falling,J-Pop,178.832,USA
G-DRAGON,WHO YOU?,Hip-Hop/Rap,201.429,USA
Frank Ocean,Pink + White,Pop,184.516,USA
AKMU,"How can I love the heartbreak, you're the one I love",K-Pop,290.096,USA
Jin,I will come to you,K-Pop,156.964,USA
BIGBANG,LOSER,K-Pop,219.371,USA
wave to earth,love.,Alternative,307.75,USA
"Jung Kook, BTS, FIFA Sound",Dreamers [Music from the FIFA World Cup Qatar 2022 Official Soundtrack],Worldwide,201.391,USA
wave to earth,seasons,Alternative,256.0,USA
Lim Young Woong,I Love You,K-Pop,239.027,USA
NewJeans,Attention,K-Pop,180.067,USA
BIGBANG,FXXK IT,K-Pop,233.547,USA
Gracie Abrams,That’s So True,Pop,166.3,USA
TAEYANG,"눈,코,입 (Eyes, Nose, Lips)",R&B/Soul,229.99,USA
KATSEYE,Touch,Pop,129.883,USA
Sabrina Carpenter,Nonsense,Pop,163.648,USA
Dhruv,double take,Pop,171.743,USA
Lim Young Woong,Father,K-Pop,238.107,USA
The NuTs,사랑의 바보,K-Pop,261.646,USA
WONPIL,행운을 빌어 줘 A journey,K-Pop,209.217,USA
Heo Hoy Kyung,So life goes on,Korean Folk-Pop,194.634,USA
V,Slow Dancing,K-Pop,187.027,USA
RIIZE,Memories,K-Pop,178.013,USA
BTS,Dynamite,K-Pop,199.054,USA
tuki.,晩餐歌 - Bansanka,J-Pop,215.853,USA
Brown Eyes,벌써 일년,K-Pop,207.827,USA
Lim Jae Hyun,If there was practice in love,K-Pop,255.882,USA
Lim Young Woong,Lovely Touch,K-Pop,195.173,USA
SZA,Snooze,R&B/Soul,201.8,USA
HYUKOH,TOMBOY,Rock,241.692,USA
Lim Young Woong,Love Letter,K-Pop,215.04,USA
The Weeknd,Die For You,R&B/Soul,260.256,USA
BOYNEXTDOOR,"Earth, Wind & Fire",R&B/Soul,214.867,USA
"Jin, Taka",Falling (feat. Taka),J-Pop,178.832,USA
george,Boat,K-Pop,191.995,USA
"HOZIHO, Choi Sung Ho",Don't Cry,Korean,234.893,USA
Yuuri,ベテルギウス,Rock,230.394,USA
BIGBANG,BAE BAE,K-Pop,169.43,USA
Crush,Love You With All My Heart,Soundtrack,244.187,USA
Lim Young Woong,Nest,K-Pop,172.28,USA
TWS,"If I’m S, Can You Be My N?",K-Pop,168.027,USA
"Post Malone, Swae Lee",Sunflower - Spider-Man: Into the Spider-Verse,Hip-Hop/Rap,158.04,USA
Jin,The Astronaut,K-Pop,282.463,USA
PLAVE,Pump Up The Volume!,Electronic,389.067,USA
BOYNEXTDOOR,Nice Guy,K-Pop,164.92,USA
Mitski,My Love Mine All Mine,Alternative,137.773,USA
ECLIPSE,Sudden Shower,Soundtrack,233.699,USA
Kim MinSeok,DrunKen Confession,K-Pop,227.96,USA
ROSÉ,gameboy,Pop,166.742,USA
HYUKOH,Wi Ing Wi Ing,Rock,194.867,USA
PLAVE,WAY 4 LUV,Korean Rock,219.453,USA
YENA,NEMONEMO,K-Pop,178.027,USA
Jung Kook,Never Let Go,K-Pop,166.812,USA
Kenshi Yonezu,Lemon,J-Pop,256.116,USA
"G-DRAGON, ROSÉ",Without You (Feat. ROSE),K-Pop,242.677,USA
Geeks,Officially Missing You,Hip-Hop/Rap,211.827,USA
Nerd Connection,‎Good Night Good Dream,K-Pop,265.983,USA
Lim Young Woong,HERO,Adult Contemporary,216.587,USA
"The Kid LAROI, Justin Bieber",STAY (with Justin Bieber),Pop,141.806,USA
BABYMONSTER,SHEESH,K-Pop,170.357,USA
JANNABI,for lovers who hesitate,K-Pop,265.0,USA
"Loopy, OSUN, JP",OTL (OFF THE LEASH),Christian,127.248,USA
SZA,What Do I Do,R&B/Soul,167.448,USA
Sabrina Carpenter,Taste,Pop,157.28,USA
Justin Bieber,Love Yourself,Pop,233.719,USA
Chappell Roan,"Good Luck, Babe!",Pop,218.424,USA
BIGBANG,Lies,K-Pop,229.12,USA
Lim Jae Hyun,Rhapsody of Sadness,R&B/Soul,235.12,USA
"SZA, Travis Scott",Open Arms (feat. Travis Scott),R&B/Soul,239.613,USA
Lim Young Woong,Elevator,Trot,207.435,USA
OFFICIAL HIGE DANDISM,Pretender,J-Pop,326.44,USA
"Nicky Youre, hey daisy",Sunroof,Pop,163.026,USA
"TWICE, Megan Thee Stallion",Strategy (feat. Megan Thee Stallion),Pop,201.76,USA
NCT WISH,Steady,K-Pop,179.68,USA
Nerd Connection,Silently Completely Eternally,Rock,189.0,USA
LE SSERAFIM,Smart,K-Pop,166.384,USA
Jung Kook,Yes or No,K-Pop,147.557,USA
Leina,utatane,J-Pop,181.022,USA
fromis_9,DM,K-Pop,204.293,USA
MAKTUB,시작의 아이 ハジマリのコ (Starting With You),R&B/Soul,256.627,USA
"BSS, Lee Young Ji",Fighting (Feat. Lee Young Ji),K-Pop,204.467,USA
ROSÉ,3am,Pop,154.05,USA
MEOVV,MEOW,Pop,172.074,USA
BOYNEXTDOOR,But Sometimes,,,
"DEAN, Gaeko",D (Half Moon),K-Pop,229.36,USA
Sabrina Carpenter,Please Please Please,Pop,186.17,USA
Izi,응급실,TV Soundtrack,225.306,USA
TAEYEON,To. X,K-Pop,170.387,USA
Yorushika,ただ君に晴れ,Rock,198.971,USA
LEE MU JIN,Episode,Korean Rock,205.213,USA
BIG Naughty,Vancouver,K-Pop,216.28,USA
D.O.,That's okay,K-Pop,221.373,USA
Bruno Mars,Just the Way You Are,Pop,220.734,USA
Coldplay,Viva La Vida,Alternative,241.445,USA
DPR LIVE,Jasmine,K-Pop,201.511,USA
DEAN,instagram,Alternative,255.729,USA
"Lee Young Ji, D.O.",Small girl (feat. D.O.),K-Pop,189.707,USA
Lim Young Woong,Trust in me,K-Pop,242.787,USA
"PSY, Lena Park",What Would Have Been? (Feat. Lena Park),K-Pop,243.964,USA
Oasis,Don't Look Back in Anger - Remastered,Indie Rock,289.56,USA
"LeeHi, Wonstein",H.S.K.T. (feat. Wonstein),R&B/Soul,204.453,USA
BIGBANG,WE LIKE 2 PARTY,K-Pop,195.516,USA
"Car, the garden",나무,K-Pop,232.558,USA
BOYNEXTDOOR,"IF I SAY, I LOVE YOU",,,
GFRIEND,Season of Memories,K-Pop,186.558,USA
NewJeans,Hurt,K-Pop,177.947,USA
Jung Seung Hwan,The Snowman,K-Pop,236.071,USA
Ariana Grande,we can't be friends (wait for your love),Pop,228.639,USA
NewJeans,Cool With You,K-Pop,147.88,USA
BUZZ,가시,Rock,241.507,USA
Paul Kim,"Every day, Every Moment",K-Pop,210.493,USA
RIIZE,Hug,K-Pop,234.04,USA
BSS,CBZ (Prime time),K-Pop,153.013,USA
"Sik-K, Lil Moshpit",LALALA (Snitch Club),,,
RIIZE,Love 119,K-Pop,173.489,USA
Jung Kook,Still With You,K-Pop,239.906,USA
"Sik-K, Lil Moshpit, Roh Yun Ha, Wuuslime","PUBLIC ENEMY (Feat. Roh Yun Ha, Wuuslime)",,,
"Sik-K, Lil Moshpit, JMIN, HAON","KC2 (Feat. JMIN, HAON)",K-Pop,423.867,USA
"Sik-K, Lil Moshpit",K-FLIP,Hip-Hop,185.893,USA
"Sik-K, Lil Moshpit, HOMIES",SELF HATE (Feat. HOMIES),Korean Hip-Hop,229.5,USA
Roy Kim,If You Ask Me What Love Is,R&B/Soul,223.04,USA
BSS,Love Song,K-Pop,175.64,USA
BSS,Happy Alone,K-Pop,227.653,USA
Mac Miller,5 Dollar Pony Rides,Hip-Hop/Rap,222.119,USA
LE SSERAFIM,ANTIFRAGILE,K-Pop,184.444,USA
BIGBANG,Bad Boy,K-Pop,236.817,USA
IVE,REBEL HEART,K-Pop,188.267,USA
Doechii,DENIAL IS A RIVER,Hip-Hop/Rap,159.586,USA
HUH YUNJIN,jellyfish,K-Pop,157.169,USA
BOYNEXTDOOR,Dangerous,K-Pop,143.773,USA
GFRIEND,Rough,K-Pop,209.105,USA
BOYNEXTDOOR,Serenade,K-Pop,183.56,USA
IVE,HEYA,K-Pop,189.68,USA
NewJeans,Right Now,J-Pop,160.413,USA
"Mac Miller, SZA",DJ's Chord Organ (feat. SZA),,,
"Central Cee, 21 Savage",GBP (feat. 21 Savage),Hip-Hop/Rap,154.8,USA
Mac Miller,Funny Papers,Hip-Hop/Rap,359.234,USA
GIRIBOY,I Think It’s Love,Hip-Hop/Rap,183.0,USA
Mac Miller,Do You Have A Destination?,,,
Bank,Can't Have You,Pop,190.754,USA
Mac Miller,Tambourine Dream,Hip-Hop/Rap,33.142,USA
Mac Miller,Friendly Hallucinations,Hip-Hop,292.467,USA
BOYNEXTDOOR,But I Like You,,,
Yorushika,へび,Alternative,255.615,USA
YB,나는 나비,K-Pop,438.965,USA
OneRepublic,I Ain't Worried,Pop,148.486,USA
OneRepublic,Counting Stars,Pop,257.286,USA
Lauv,I Like Me Better,Pop,197.437,USA
The Walters,I Love You So,Alternative,160.24,USA
BABYMONSTER,FOREVER,K-Pop,212.734,USA
D.O.,Snowfall at Night,K-Pop,179.373,USA
GD&TOP,High High,K-Pop,186.175,USA
"PATEKO, ASH ISLAND, Skinny Brown","Rainy day (Feat. ASH ISLAND, Skinny Brown)",Hip-Hop/Rap,219.691,USA
ZEROBASEONE,Doctor! Doctor!,K-Pop,152.137,USA
BOYNEXTDOOR,One and Only,K-Pop,167.987,USA
NewJeans,Cookie,K-Pop,235.562,USA
NCT WISH,Miracle,K-Pop,177.107,USA
Travis Scott,4X4,Hip-Hop/Rap,190.581,USA
MeloMance,Gift,Singer/Songwriter,260.607,USA
"Sexyy Red, Bruno Mars",Fat Juicy & Wet,Hip-Hop/Rap,141.057,USA
Jin,Close to You,K-Pop,228.147,USA
Ed Sheeran,Shape of You,Pop,233.713,USA
Kenshi Yonezu,BOW AND ARROW,J-Pop,175.727,USA
Park Hyo Shin,"눈의 꽃 - 미안하다, 사랑한다 (Original Television Soundtrack)",TV Soundtrack,339.856,USA
Choi Yu Ree,Forest,Folk,228.267,USA
The Weeknd,Blinding Lights,R&B/Soul,201.57,USA
Benson Boone,Beautiful Things,Pop,180.304,USA
"JENNIE, Dominic Fike",Love Hangover (feat. Dominic Fike),Pop,180.129,USA
"The Weeknd, Justice",Wake Me Up (feat. Justice),R&B/Soul,308.575,USA
The Weeknd,Cry For Me,R&B/Soul,224.137,USA
"The Weeknd, Anitta",São Paulo (feat. Anitta),R&B/Soul,148.853,USA
"The Weeknd, Playboi Carti",Timeless (feat Playboi Carti),R&B/Soul,256.0,USA
The Weeknd,Open Hearts,R&B/Soul,234.924,USA
The Weeknd,Baptized In Fear,R&B/Soul,232.176,USA
"The Weeknd, Travis Scott, Florence + The Machine","Reflections Laughing (feat. Travis Scott, Florence + The Machine)",R&B/Soul,291.193,USA
The Weeknd,Opening Night,R&B/Soul,96.024,USA
"The Weeknd, Future",Enjoy The Show (feat. Future),R&B/Soul,301.429,USA
The Weeknd,I Can't Wait To Get There,R&B/Soul,188.922,USA
The Weeknd,Given Up On Me,R&B/Soul,354.781,USA
The Weeknd,Niagara Falls,R&B/Soul,277.275,USA
The Weeknd,Take Me Back To LA,R&B/Soul,253.735,USA
"The Weeknd, JENNIE, Lily-Rose Depp","One Of The Girls (with JENNIE, Lily Rose Depp)",Soundtrack,244.685,USA
IVE,ATTITUDE,K-Pop,194.733,USA
PLAVE,Dash,Korean Rock,174.533,USA
PLAVE,Chroma Drift,R&B/Soul,210.827,USA
PLAVE,RIZZ,Korean Hip-Hop,164.733,USA
PLAVE,Island,K-Pop,256.12,USA
PLAVE,12:32 (A to T),K-Pop,193.293,USA
Kendrick Lamar,Not Like Us,Hip-Hop/Rap,274.192,USA
Lady Gaga,Abracadabra,Pop,223.398,USA
Yerin Baek,Bye bye my blue,K-Pop,203.41,USA
"Kendrick Lamar, Lefty Gunplay",tv off (feat. lefty gunplay),Hip-Hop/Rap,220.69,USA
BOYNEXTDOOR,Gonna Be A Rock,,,
V,Christmas Tree,Soundtrack,209.947,USA
"LISA, Doja Cat, RAYE",Born Again (feat. Doja Cat & RAYE),Pop,231.174,USA
Kendrick Lamar,squabble up,Hip-Hop/Rap,157.992,USA
"Kendrick Lamar, SZA","All The Stars (with SZA) - From ""Black Panther: The Album""",Hip-Hop/Rap,232.19,USA
"Ty Dolla $ign, Yé",Wheels Fall Off (feat. Ye),Christian,231.043,USA
Molly Yam,Burning slow,,,
Kendrick Lamar,HUMBLE.,Hip-Hop/Rap,177.0,USA
"SZA, Kendrick Lamar",30 For 30 (with Kendrick Lamar),R&B/Soul,278.28,USA
ASH ISLAND,Ghost of You,K-Pop,175.627,USA
"Molly Yam, Sik-K, GGM LIL DRAGON","Burning slow (feat. Sik-K, GGM LIL DRAGON) - Remix",,,
Jimin,Christmas Love,K-Pop,197.931,USA
JISOO,earthquake,K-Pop,190.807,USA
JISOO,Your Love,K-Pop,173.232,USA
JISOO,TEARS,K-Pop,182.221,USA
JISOO,Hugs & Kisses,Rock,333.283,USA
Sabrina Carpenter,Busy Woman,Pop,216.479,USA
"Kendrick Lamar, Zacari",LOVE. FEAT. ZACARI.,Hip-Hop/Rap,213.4,USA
ZO ZAZZ,Don`t you know(PROD.ROCOBERRY),,,
"JENNIE, Doechii",ExtraL (feat. Doechii),Pop,167.754,USA
"Don Toliver, Speedy, j-hope, Pharrell Williams",LV Bag (feat. j-hope of BTS & Pharrell Williams),Hip-Hop/Rap,182.604,USA
BIBI,Bluebird,K-Pop,179.871,USA
YOASOBI,夜に駆ける,J-Pop,261.013,USA
CHUNG HA,STRESS,K-Pop,204.4,USA
KiiiKiii,I DO ME,K-Pop,190.557,USA
Hearts2Hearts,The Chase,K-Pop,178.9,USA
Lim Changjung,내가 저지른 사랑,K-Pop,238.252,USA
"G-DRAGON, Anderson .Paak",TOO BAD,K-Pop,153.665,USA
G-DRAGON,DRAMA,K-Pop,234.772,USA
G-DRAGON,TAKE ME,K-Pop,219.004,USA
G-DRAGON,IBELONGIIU,K-Pop,193.071,USA
G-DRAGON,보나마나 (BONAMANA),K-Pop,195.536,USA
G-DRAGON,GYRO-DROP,K-Pop,168.81,USA
hunnie gz,Me do i,,,
Hearts2Hearts,Butterflies,K-Pop,177.228,USA
The Volunteers,Rules,Rock,251.033,USA
G-DRAGON,A Boy,K-Pop,209.293,USA
BOYNEXTDOOR,So let's go see the stars,K-Pop,202.693,USA
BTS,Spring Day,K-Pop,274.097,USA
"LISA, Future",FXCK UP THE WORLD (feat. Future),Pop,184.155,USA
GD X TAEYANG,GOOD BOY,Hip-Hop/Rap,245.192,USA
"Tyler, The Creator, Kali Uchis",See You Again (feat. Kali Uchis),Pop,190.453,USA
LISA,Moonlit Floor (Kiss Me),Pop,155.757,USA
LEE MU JIN,Coming Of Age Story,Korean Rock,275.173,USA
NMIXX,High Horse,K-Pop,203.213,USA
Mrs. GREEN APPLE,ライラック,Rock,288.2,USA
"The Chainsmokers, Halsey",Closer,Dance,245.506,USA
JENNIE,like JENNIE,Pop,123.518,USA
"JENNIE, Dua Lipa",Handlebars (feat. Dua Lipa),Pop,184.698,USA
10CM,To Reach You,K-Pop,158.68,USA
JENNIE,ZEN,Pop,201.447,USA
JENNIE,start a war,Pop,165.067,USA
JENNIE,with the IE (way up),Pop,163.9,USA
"JENNIE, Childish Gambino, Kali Uchis",Damn Right (feat. Childish Gambino & Kali Uchis),Pop,230.895,USA
"JENNIE, FKJ",Intro : JANE with FKJ,Pop,98.256,USA
"j-hope, Miguel",Sweet Dreams (feat. Miguel),K-Pop,172.952,USA
JENNIE,F.T.S.,Classical,239.52,USA
JENNIE,Seoul City,Pop,164.398,USA
JENNIE,Filter,Pop,151.776,USA
JENNIE,Starlight,Pop,168.458,USA
JENNIE,twin,Pop,208.909,USA
Doechii,Anxiety,Hip-Hop/Rap,249.302,USA
Lady Gaga,Garden Of Eden,Pop,239.721,USA
5 Seconds of Summer,Teeth,Pop,204.887,USA
Seungmin,My Destiny,Soundtrack,230.427,USA
PLAVE,Wait for you,Dance,231.987,USA
YEJI,Air,K-Pop,194.8,USA
TREASURE,YELLOW,K-Pop,191.802,USA
LE SSERAFIM,HOT,K-Pop,143.798,USA
Playboi Carti,EVIL J0RDAN,Dance,109.166,USA
Playboi Carti,POP OUT,Hip-Hop/Rap,148.053,USA
"Playboi Carti, Travis Scott",CRUSH (with Travis Scott),Hip-Hop/Rap,243.837,USA
"Playboi Carti, The Weeknd",RATHER LIE (with The Weeknd),R&B/Soul,256.0,USA
LE SSERAFIM,Come Over,K-Pop,137.178,USA
Playboi Carti,K POP,Hip-Hop/Rap,191.703,USA
Playboi Carti,MOJO JOJO,,,
LE SSERAFIM,Ash,K-Pop,197.853,USA
"Playboi Carti, Travis Scott",PHILLY (with Travis Scott),Hip-Hop/Rap,228.267,USA
"Playboi Carti, Kendrick Lamar, Jhené Aiko",BACKD00R (feat. Kendrick Lamar & Jhené Aiko),,,
LE SSERAFIM,So Cynical (Badum),K-Pop,155.489,USA
Playboi Carti,RADAR,,,
Playboi Carti,FINE SHIT,Hip-Hop/Rap,228.267,USA
LE SSERAFIM,Born Fire,K-Pop,136.327,USA
BOYNEXTDOOR,Never Loved This Way Before,Soundtrack,265.16,USA
"Playboi Carti, Skepta",TOXIC (with Skepta),Hip-Hop/Rap,191.703,USA
Playboi Carti,I SEEEEEE YOU BABY BOI,,,
"Playboi Carti, Kendrick Lamar",GOOD CREDIT (with Kendrick Lamar),Hip-Hop/Rap,211.421,USA
Playboi Carti,MUNYUN,,,
Playboi Carti,CRANK,R&B/Soul,256.0,USA
"Playboi Carti, Future, Travis Scott",CHARGE DEM HOES A FEE (with Future & Travis Scott),,,
Chappell Roan,The Giver,Country,202.768,USA
"Playboi Carti, Travis Scott",WAKE UP F1LTHY (with Travis Scott),Hip-Hop/Rap,148.053,USA
"Playboi Carti, Future",TRIM (with Future),Hip-Hop/Rap,228.267,USA
Playboi Carti,COCAINE NOSE,Hip-Hop/Rap,202.162,USA
"Playboi Carti, Young Thug, Ty Dolla $ign",WE NEED ALL DA VIBES (with Young Thug & Ty Dolla $ign),Hip-Hop/Rap,136.267,USA
"Playboi Carti, Lil Uzi Vert",JUMPIN (with Lil Uzi Vert),Hip-Hop/Rap,171.828,USA
Playboi Carti,HBA,Hip-Hop/Rap,191.703,USA
"Playboi Carti, Lil Uzi Vert",TWIN TRIM (with Lil Uzi Vert),Hip-Hop/Rap,207.039,USA
Playboi Carti,OLYMPIAN,,,
Playboi Carti,LIKE WEEZY,Hip-Hop/Rap,191.703,USA
Playboi Carti,OPM BABI,,,
"Sam Smith, Kim Petras",Unholy (feat. Kim Petras),Pop,156.943,USA
"Sam Smith, Kim Petras",Unholy (feat. Kim Petras) - Orchestral Version,Pop,156.943,USA
NMIXX,KNOW ABOUT ME,K-Pop,165.773,USA
NMIXX,Slingshot (＜★),K-Pop,142.613,USA
NMIXX,Papillon,K-Pop,158.04,USA
NMIXX,Golden Recipe,K-Pop,181.787,USA
"Sik-K, Lil Moshpit, Bryan Chase, Okasian","LOV3 (Feat. Bryan Chase, Okasian)",,,
NMIXX,Ocean,K-Pop,170.08,USA
OVAN,Flower,Hip-Hop/Rap,169.773,USA
"MARK, HAECHAN",+82 Pressin',K-Pop,202.4,USA
STAYC,BEBE - Japanese ver.,K-Pop,179.392,USA
Lil Tecca,Dark Thoughts,Hip-Hop/Rap,136.991,USA
MINNIE,HER,K-Pop,159.797,USA
"Car, the garden",Home Sweet Home,Rock,205.939,USA
j-hope,MONA LISA,K-Pop,137.192,USA
"Jack Harlow, Doja Cat",Just Us (feat. Doja Cat),Hip-Hop/Rap,172.877,USA
ILLIT,Almond Chocolate (Korean Ver.),K-Pop,201.76,USA
Song Sohee,Not a Dream,K-Pop,252.0,USA
BOL4,Bom,Folk,217.045,USA
LUCY,Flowering,Rock,251.293,USA
"Loco, YUJU",Spring Is Gone by chance,Soundtrack,201.0,USA
Martin Smith,Paint On Spring - Remastering,Singer/Songwriter,232.228,USA
Playboi Carti,2024,Hip-Hop/Rap,148.053,USA
Playboi Carti,FOMDJ,Hip-Hop/Rap,149.078,USA
"Playboi Carti, Travis Scott",BACKR00MS (with Travis Scott),Hip-Hop/Rap,175.721,USA
LUCY,Wakey Wakey,Rock,160.109,USA
Ariana Grande,twilight zone,Pop,198.32,USA
Stray Kids,CINEMA (리노 & 승민) CINEMA (Lee Know & Seungmin),K-Pop,221.347,USA
Ai Higuchi,Akuma no Ko,J-Pop,227.673,USA
BEOMGYU,Panic,K-Pop,188.013,USA
Hebi,EVER,K-Pop,201.307,USA
"Kodak Black, NLE Choppa, Jimin, JVKE, Muni Long, Fast & Furious: The Fast Saga","Angel Pt. 1 (feat. Jimin of BTS, JVKE & Muni Long)",Hip-Hop/Rap,175.802,USA
HANRORO,Let Me Love My Youth,Rock,248.408,USA
izna,SIGN,K-Pop,166.613,USA
Busker Busker,Cherry Blossom Ending,K-Pop,260.518,USA
Drake,NOKIA,R&B/Soul,241.023,USA
C JAMM,LAYERED,Hip-Hop/Rap,187.052,USA
Ed Sheeran,Azizam,Pop,162.029,USA
Kenshi Yonezu,感電,J-Pop,264.545,USA
HYUN SEO,DayDream,R&B/Soul,181.067,USA
BOL4,Galaxy,Singer/Songwriter,213.853,USA
고추잠자리,작은 봄,Pop,222.04,USA
AKMU,200%,K-Pop,193.321,USA
10CM,What The Spring??,Folk,205.752,USA
AKMU,Give Love,K-Pop,176.532,USA
The Black Skirts,1:05,Indie Rock,240.0,USA
MARK,1999,K-Pop,205.027,USA
"D-Hack, PATEKO",OHAYO MY NIGHT,K-Pop,238.737,USA
MAKTUB,The Eternal Moment,R&B/Soul,244.173,USA
"The Chainsmokers, Coldplay",Something Just Like This,Dance,247.165,USA
"Travis Scott, Playboi Carti",FE!N (feat. Playboi Carti),Hip-Hop/Rap,191.703,USA
KANGDANIEL,Mess,Rock,153.747,USA
데이먼스 이어 Damons year,josee!,R&B/Soul,123.913,USA
Yerin Baek,Antifreeze,Singer/Songwriter,245.84,USA
Lana Del Rey,"Henry, come on",Alternative,311.269,USA
BOL4,Some,K-Pop,181.373,USA
NCT WISH,poppop,K-Pop,182.133,USA
NCT WISH,Melt Inside My Pocket,K-Pop,191.067,USA
Lim Young Woong,Heavenly Ever After,K-Pop,295.413,USA
NCT WISH,1000,K-Pop,171.2,USA
NCT WISH,Silly Dance,K-Pop,182.187,USA
NCT WISH,Design,K-Pop,179.053,USA
NCT WISH,Still 3PM,K-Pop,165.133,USA
Coldplay,Yellow,Alternative,269.208,USA
SPYAIR,サムライハート(Some Like It Hot!!),Rock,227.935,USA
Coldplay,The Scientist,Alternative,308.93,USA
Coldplay,Paradise,Alternative,277.61,USA
"Coldplay, BTS",My Universe,Pop,226.198,USA
Coldplay,Adventure of a Lifetime,Alternative,263.787,USA
Coldplay,A Sky Full of Stars,Alternative,268.466,USA
Coldplay,Hymn for the Weekend,Alternative,258.827,USA
Coldplay,Fix You,Alternative,294.992,USA
Coldplay,Higher Power,Alternative,211.295,USA
Coldplay,Clocks,Alternative,306.906,USA
Coldplay,Sparks,Alternative,227.094,USA
Kim Seungmin,Hope You're Doing Well,R&B/Soul,184.566,USA
TWS,Countdown!,K-Pop,150.027,USA
Shawn Mendes,There's Nothing Holdin' Me Back,Pop,199.432,USA
Lauv,Paris in the Rain,Pop,204.712,USA
Hebi,Onward,K-Pop,208.027,USA
"G-DRAGON, 황정민, Defconn, Hong Jinkyung, Jung Hyungdon, 조세호, Kian84, ANH SUNG JAE, TAEYANG, Jung Hae In, Hwang Kwang Hee, Yim Siwan, LEE SOO HYUK, DAESUNG, CODE KUNST, CL, KIM GO EUN, DAY6, BSS, aespa",Good Day 2025 (Telepathy + By the Moonlight Window),Pop,242.567,USA
LUCY,Hippo,Rock,216.067,USA
Lorde,What Was That,Pop,209.286,USA
Coldplay,feelslikeimfallinginlove,Alternative,236.231,USA
MEOVV,HANDS UP,K-Pop,192.467,USA
"JANNABI, KARINA",May the TENDERNESS be with you! (feat. KARINA of aespa),K-Pop,205.0,USA
JANNABI,I WILL DIE FOR YOU♥x3,K-Pop,198.0,USA
Lim Young Woong,My Starry Love,K-Pop,230.813,USA
&TEAM,Go in Blind,J-Pop,158.787,USA
JANNABI,I watched the sunset from the rooftop,K-Pop,202.0,USA
JANNABI,"All the Boys and Girls, Pt.1 : Birdman",K-Pop,225.0,USA
"PATEKO, Jayci yucca, Kid Wine",Think About You,Korean Rock,195.375,USA
JANNABI,FLASH,K-Pop,193.0,USA
"Primary, CHOIZA, Zion.T","question mark (Feat. CHOIZA Of Dynamicduo, Zion.T)",,,
"Lee Know, Seungmin, I.N",START!,Rock,219.507,USA
FIFTY FIFTY,Pookie,K-Pop,152.813,USA
"DONDA, Kanye West, Ye",TRUE LOVE,Hip-Hop/Rap,148.571,USA
KATSEYE,Gnarly,Pop,137.581,USA
"Maroon 5, LISA",Priceless (feat. LISA),Pop,163.353,USA
TOMORROW X TOGETHER,Love Language,K-Pop,177.514,USA
"TABLO, RM",Stop The Rain (TABLO X RM),Hip-Hop/Rap,190.356,USA
Ed Sheeran,Old Phone,Pop,221.832,USA
DAY6,Maybe Tomorrow,K-Pop,224.25,USA
Yerin Baek,1-4-3,R&B/Soul,208.293,USA
DAY6,끝났지 game over,K-Pop,169.628,USA
Yerin Baek,Seeking happy in the crowd,R&B/Soul,82.013,USA
"ROSÉ, F1 The Album",Messy (From F1® The Movie),Pop,179.056,USA
Yorushika,火星人,Alternative,234.929,USA
Lim Jae Hyun,I'm a Little Drunk,K-Pop,260.444,USA
ATLXS,PASSO BEM SOLTO - Slowed,Latin,116.072,USA
TOMORROW X TOGETHER,When the Day Comes,Soundtrack,221.267,USA
D.O.,FOREVER,Soundtrack,243.324,USA
tripleS,깨어 (Are You Alive),,,
MEOVV,DROP TOP,K-Pop,195.836,USA
BOYNEXTDOOR,I Feel Good,K-Pop,155.027,USA
BOYNEXTDOOR,123-78,,,
BOYNEXTDOOR,Step By Step,K-Pop,149.333,USA
BOYNEXTDOOR,Is That True?,K-Pop,129.293,USA
BOYNEXTDOOR,Next Mistake,K-Pop,139.133,USA
"Dave, Central Cee",Sprinter,Instrumental,233.064,USA
Benson Boone,Mystical Magical,Pop,165.747,USA
BOYNEXTDOOR,I Feel Good (English Ver.),,,
wave to earth,bad,Alternative,263.25,USA
Jin,Don’t Say You Love Me,K-Pop,180.716,USA
Jin,Nothing Without Your Love,K-Pop,176.126,USA
"Jin, YENA",Loser (feat. YENA),K-Pop,155.638,USA
Jin,With the Clouds,K-Pop,188.898,USA
Jin,Rope It,K-Pop,165.809,USA
Jin,Background,K-Pop,175.666,USA
Jin,"To Me, Today",K-Pop,181.575,USA
Redoor,Forever Has Always Been,Pop/Rock,237.159,USA
RIIZE,Fly Up,Pop,178.176,USA
RIIZE,Bag Bad Back,Pop,192.836,USA
RIIZE,Odyssey,Pop,152.268,USA
RIIZE,Ember to Solar,Pop,200.547,USA
RIIZE,Show Me Love,Pop,189.544,USA
RIIZE,The End of the Day,Pop,222.995,USA
RIIZE,Midnight Mirage,Pop,202.848,USA
RIIZE,Inside My Love,Pop,159.554,USA
RIIZE,Passage,Pop,39.696,USA
RIIZE,Another Life,Pop,227.207,USA
BAEKHYUN,Elevator,R&B/Soul,186.387,USA
BAEKHYUN,Chocolate,R&B/Soul,184.253,USA
BAEKHYUN,Black Dreams,R&B/Soul,140.36,USA
i-dle,Good Thing,K-Pop,154.387,USA
BAEKHYUN,Love Comes Back,R&B/Soul,195.253,USA
Zion.T,No Make Up,R&B/Soul,189.154,USA
ZUTOMAYO,CREAM,Rock,234.0,USA
The Black Skirts,Antifreeze,K-Pop,243.987,USA
Woody,Sadder Than Yesterday,K-Pop,236.24,USA
SHINee,Poet | Artist,,,
"Loco, Punch",Say Yes,K-Pop,218.897,USA
SEVENTEEN,THUNDER,K-Pop,164.04,USA
SEVENTEEN,HBD,K-Pop,155.213,USA
"SEVENTEEN, Pharrell Williams",Bad Influence (Prod. by Pharrell Williams),K-Pop,167.013,USA
Alex Warren,Ordinary,Pop,186.964,USA
SEVENTEEN,99.9% (WONWOO Solo),K-Pop,185.307,USA
SEVENTEEN,Skyfall (THE 8 Solo),K-Pop,180.027,USA
SEVENTEEN,Raindrops (SEUNGKWAN Solo),K-Pop,224.013,USA
IU,Never Ending Story,K-Pop,224.027,USA
IU,Square's dream,K-Pop,201.013,USA
IU,October 4th,K-Pop,232.027,USA
IU,Red Sneakers,K-Pop,206.027,USA
"IU, Wonstein",Last Scene (Feat. Wonstein),K-Pop,243.0,USA
"IU, Balming Tiger",A Beautiful Person (Feat. Balming Tiger),K-Pop,210.0,USA
SEVENTEEN,Fortunate Change (JOSHUA Solo),K-Pop,217.027,USA
SEVENTEEN,Shake It Off (MINGYU Solo),K-Pop,168.027,USA
"Primary, Dynamicduo",Johnny,Hip-Hop,234.216,USA
BOOHWAL,Never Ending Story,K-Pop,253.933,USA
"SEVENTEEN, Timbaland",Damage (HOSHI Solo) (feat. Timbaland),K-Pop,163.213,USA
Charli xcx,party 4 u,Pop,296.653,USA
Lil Tecca,OWA OWA,Hip-Hop/Rap,132.381,USA
LEE MU JIN,Bird On The Edge,Hard Rock,239.44,USA
Dynamicduo,Guilty,Hip-Hop,224.893,USA
"Leellamarz, Hannah",Trip,Hip-Hop,234.084,USA
"MAKTUB, LEE RAON",To You My Light (feat. LEE RAON),K-Pop,265.587,USA
#Annyeong,Dial Your Number,Romance,0.0,USA
Lim Changjung,Soju Hanjan,,,
Harry Styles,As It Was,Pop,167.303,USA
"BUMKEY, Dynamo Duo",Attraction (feat. Dynamo Duo),,,
데이먼스 이어 Damons year,Salty,K-Pop,176.015,USA
"Tate McRae, F1 The Album",Just Keep Watching (From F1® The Movie),Pop,142.551,USA
ENHYPEN,Bad Desire (With or Without You),K-Pop,141.886,USA
ENHYPEN,Outside,K-Pop,121.003,USA
ENHYPEN,Helium,K-Pop,162.793,USA
ENHYPEN,Too Close,K-Pop,146.358,USA
ENHYPEN,Flashover,K-Pop,125.677,USA
Sabrina Carpenter,Manchild,Pop,213.646,USA
AKMU,Last Goodbye,K-Pop,283.8,USA
"Woo, Loco, GRAY",We Are,K-Pop,196.02,USA
Nilo,Pass by,K-Pop,281.182,USA
Yverthug,All Or Nothing,Rock,198.145,USA
Daryl Lee,再遇见你,,,
N.Flying,Everlasting,K-Pop,257.173,USA
COOL,애상,K-Pop,209.66,USA
QWER,Dear,K-Pop,202.027,USA
DOYOUNG,Memory,K-Pop,183.013,USA
KISS OF LIFE,Lips Hips Kiss,K-Pop,189.04,USA
izna,BEEP,K-Pop,164.885,USA
DOYOUNG,Be My Light,K-Pop,206.013,USA
"LILY, JIWOO, KYUJIN",Ridin′ (Prod. THE HUB),,,
LE SSERAFIM,DIFFERENT,K-Pop,141.756,USA
UmYull,We′re no different,Rock,253.013,USA
"GUMMY, SINCE",Flip Flop (Prod. Padi),,,
YUMDDA,My Life,Hip-Hop/Rap,175.027,USA
YUMDDA,The Quiett,Hip-Hop/Rap,174.013,USA
YUMDDA,Irony,,,
YUMDDA,Ugh!,Hip-Hop/Rap,143.0,USA
"j-hope, GloRilla",Killin' It Girl (feat. GloRilla),K-Pop,138.828,USA
j-hope,Killin' It Girl (Solo Version),K-Pop,138.828,USA
ATEEZ,Lemon Drop,K-Pop,179.396,USA
Lil Tecca,Half The Plot,Hip-Hop/Rap,165.938,USA
YUMDDA,D.R.E.A.M,,,
Lil Tecca,The Truth,Hip-Hop/Rap,144.916,USA
Lil Tecca,Favorite Lie,Hip-Hop/Rap,169.163,USA
YUMDDA,Pure Love(純情)2025,,,
YUMDDA,sWing,Hip-Hop,267.599,USA
HxW,ECHO! (Prod. WOOZI),,,
YUMDDA,Y-3,Hip-Hop/Rap,345.62,USA
YUMDDA,At the time,Hip-Hop/Rap,145.347,USA
"Leellamarz, TOIL",Don′t do That,Hip-Hop,135.12,USA
PLAVE,かくれんぼ (Hide and Seek),K-Pop,204.133,USA
PLAVE,RIZZ - Japanese Ver.,K-Pop,164.733,USA
Jin,Don’t Say You Love Me (Disco Remix),K-Pop,180.716,USA
Jehwwn,No Hope For Your Return,R&B/Soul,160.653,USA
PLAVE,Chroma Drift - Japanese Ver.,R&B/Soul,210.827,USA
ILLIT,Billyeoon Goyangi (Do the Dance),K-Pop,188.642,USA
ILLIT,little monster,K-Pop,149.396,USA
BlackNut,0,Hip-Hop/Rap,148.015,USA
Fujii Kaze,きらり,J-Pop,255.002,USA
PLAVE,Our Movie,Korean Hip-Hop,161.32,USA
ILLIT,jellyous,K-Pop,163.244,USA
KANGDANIEL,Episode,Dance,162.027,USA
The Black Skirts,Till The End of Time,Soundtrack,269.0,USA
"MilliMax, DRIP TARKO",Zombie (feat. DRIP TARKO),Alternative,133.627,USA
PLAVE,We don't stop,R&B/Soul,198.548,USA
"Zac Efron, Zendaya",Rewrite The Stars,Soundtrack,217.44,USA
Maroon 5,Sunday Morning,Pop,243.92,USA
Bruno Mars,Versace on the Floor,Pop,261.241,USA
ILLIT,oops!,K-Pop,161.491,USA
Justin Bieber,Boyfriend - Acoustic Version,Pop,187.69,USA
Hearts2Hearts,STYLE,K-Pop,209.671,USA
ILLIT,bamsopoong,K-Pop,139.324,USA
"BIG Naughty, LEE CHANHYUK",MUSIC (Feat. LEE CHANHYUK),K-Pop,159.0,USA
"Jimin, HA SUNG WOON",With you,Soundtrack,201.905,USA
KATSEYE,Gabriela,Pop,197.227,USA
"Epik High, Younha",우산 (feat. 윤하),K-Pop,301.72,USA
Woody,Flower in the Desert - Kor Version,K-Pop,259.133,USA
"Heize, Shin Yong Jae","You, Clouds, Rain",K-Pop,205.312,USA
OHHYUK,A Little Girl,Soundtrack,226.274,USA
"Ye, Kanye West",PREACHER MAN,Hip-Hop/Rap,181.592,USA
KANA-BOON,シルエット,Rock,240.133,USA
"Ye, Kanye West",BEAUTY AND THE BEAST,Hip-Hop/Rap,105.722,USA
"Ye, Kanye West",DAMN,Hip-Hop/Rap,122.553,USA
"HUNTR/X, EJAE, AUDREY NUNA, REI AMI, KPop Demon Hunters Cast",Golden,K-Pop,194.608,USA
ALLDAY PROJECT,FAMOUS,K-Pop,180.354,USA
ALLDAY PROJECT,WICKED,K-Pop,157.191,USA
"Saja Boys, Andrew Choi, Neckwav, Danny Chung, KEVIN WOO, samUIL Lee, KPop Demon Hunters Cast",Soda Pop,K-Pop,150.686,USA
"Saja Boys, Andrew Choi, Neckwav, Danny Chung, KEVIN WOO, samUIL Lee, KPop Demon Hunters Cast",Your Idol,K-Pop,191.538,USA
"HUNTR/X, EJAE, AUDREY NUNA, REI AMI, KPop Demon Hunters Cast",How It’s Done,K-Pop,176.059,USA
MeloMance,"사랑인가 봐 Love, Maybe",K-Pop,185.653,USA
"HUNTR/X, EJAE, AUDREY NUNA, REI AMI, KPop Demon Hunters Cast",Takedown,K-Pop,182.017,USA
"HUNTR/X, EJAE, AUDREY NUNA, REI AMI, KPop Demon Hunters Cast",What It Sounds Like,K-Pop,250.269,USA
"Rumi, Jinu, KPop Demon Hunters Cast, EJAE, Andrew Choi",Free,K-Pop,187.964,USA
TWICE,"TAKEDOWN (JEONGYEON, JIHYO, CHAEYOUNG)",K-Pop,181.192,USA
fromis_9,LIKE YOU BETTER,Dance,185.027,USA
ITZY,Girls Will Be Girls,K-Pop,168.013,USA
TWICE,Strategy,Pop,201.76,USA
fromis_9,REBELUTIONAL,Dance,186.027,USA
aespa,Dirty Work,K-Pop,180.25,USA
"aespa, Flo Milli",Dirty Work (feat. Flo Milli),,,
aespa,Dirty Work - English Version,K-Pop,180.25,USA
"Alex Warren, ROSÉ",On My Mind,Pop,189.557,USA
KATSEYE,Gameboy,Pop,185.598,USA
d4vd,Sleep Well,Alternative,175.875,USA
"Don Toliver, Doja Cat, F1 The Album",Lose My Mind (feat. Doja Cat) [From F1® The Movie],Pop,209.051,USA
AHOF,Rendezvous,K-Pop,220.013,USA
BABYMONSTER,HOT SAUCE,K-Pop,147.808,USA
The Black Skirts,Ling Ling,Korean Rock,230.0,USA
sombr,back to friends,Indie Rock,199.032,USA
H1-KEY,Summer Was You,K-Pop,192.04,USA
"Ed Sheeran, F1 The Album",Drive (From F1® The Movie),Pop,187.397,USA
HANRORO,Can I Be Me?,Rock,188.0,USA
HANRORO,Landing in Love,Rock,165.0,USA
Drake,What Did I Miss?,Hip-Hop/Rap,194.324,USA
JEON SOMI,EXTRA,Korean Hip-Hop,150.733,USA
BLACKPINK,As If It's Your Last,K-Pop,215.25,USA
D.O.,SING ALONG!,Pop,156.04,USA
"Silica Gel, Japanese Breakfast",NamgungFEFERE (feat. Japanese Breakfast),K-Pop,228.545,USA
D.O.,Do you remember?,R&B/Soul,210.307,USA
D.O.,I’ll Be There,Pop,208.065,USA
"HUNTR/X, EJAE, AUDREY NUNA, REI AMI, KPop Demon Hunters Cast",Golden - Acapella,K-Pop,194.608,USA
D.O.,Nobody Knows It,R&B/Soul,306.933,USA
BLACKPINK,JUMP,K-Pop,164.719,USA
ATEEZ,In Your Fantasy,K-Pop,192.698,USA
Justin Bieber,DAISIES,Pop,176.453,USA
Justin Bieber,ALL I CAN TAKE,Pop,247.547,USA
Justin Bieber,GO BABY,Pop,194.76,USA
Justin Bieber,YUKON,Pop,163.867,USA
TWICE,THIS IS FOR,K-Pop,131.098,USA
Justin Bieber,THINGS YOU DO,Pop,108.387,USA
"Justin Bieber, Gunna",WAY IT IS,Pop,195.32,USA
Justin Bieber,BUTTERFLIES,Pop,193.525,USA
Justin Bieber,FIRST PLACE,Pop,200.4,USA
Justin Bieber,WALKING AWAY,Pop,244.013,USA
"Justin Bieber, Cash Cobain, Eddie Benjamin",SWAG,Pop,150.253,USA
"Justin Bieber, Dijon",DEVOTION,Pop,234.4,USA
"Justin Bieber, Sexyy Red",SWEET SPOT,Pop,185.2,USA
BLACKPINK,Kill This Love,K-Pop,191.05,USA
"Justin Bieber, Druski",SOULFUL,Pop,36.667,USA
"Travis Scott, Don Toliver",CHAMPAIN & VACAY,Traditional Folk,229.714,USA
"Travis Scott, Sheck Wes, Don Toliver",2000 EXCURSION,,,
Travis Scott,KICK OUT,Hip-Hop/Rap,190.557,USA
Travis Scott,DUMBO,Hip-Hop/Rap,217.56,USA
"Travis Scott, Playboi Carti, Future",WHERE WAS YOU,Hip-Hop/Rap,252.16,USA
SoFaygo,MM3,,,
NCT DREAM,BTTF,K-Pop,180.0,USA
NCT DREAM,CHILLER,K-Pop,184.027,USA
Beenzino,Aqua Man,,,
BLACKPINK,Pink Venom,K-Pop,186.964,USA
NCT DREAM,I LIKE IT,K-Pop,185.0,USA
"JVKE, TOMORROW X TOGETHER, LE SSERAFIM, TAEHYUN, KIM CHAEWON",butterflies (feat. TAEHYUN & Kim Chaewon of LE SSERAFIM),Pop,164.467,USA
"Epik High, Colde",Rain Song (Feat. Colde),Hip-Hop/Rap,243.785,USA
Tim,사랑합니다...,K-Pop,246.613,USA
V,Rainy Days,K-Pop,179.56,USA
NOWZ,Problem Child,K-Pop,180.027,USA
aespa,Dark Arts,K-Pop,181.759,USA
BTS,Blue & Grey - Live,Alternative,214.357,USA
BTS,Permission to Dance - Live,K-Pop,187.585,USA
"Tyler, The Creator, Pharrell Williams",Big Poe (feat. Sk8brd),Rap,182.401,USA
"Tyler, The Creator",Sugar On My Tongue,Rap,153.333,USA
"Tyler, The Creator",Sucka Free,Rap,161.052,USA
"Tyler, The Creator",Ring Ring Ring,Rap,201.869,USA
"Tyler, The Creator",Mommanem,Rap,75.386,USA
"Tyler, The Creator",Stop Playing With Me,Rap,133.307,USA
"Tyler, The Creator, Madison McFerrin",Don't You Worry Baby (feat. Madison McFerrin),Rap,178.135,USA
"Tyler, The Creator",Don't Tap That Glass / Tweakin',Rap,222.125,USA
"Tyler, The Creator, Yebba",I'll Take Care of You (feat. Yebba),Rap,200.861,USA
TOMORROW X TOGETHER,Beautiful Strangers,K-Pop,138.108,USA
"Tyler, The Creator",Tell Me What It Is,Rap,202.134,USA
TOMORROW X TOGETHER,Ghost Girl,K-Pop,186.601,USA
TOMORROW X TOGETHER,Upside Down Kiss,K-Pop,135.331,USA
ENHYPEN,No Doubt,K-Pop,167.22,USA
TOMORROW X TOGETHER,Sunday Driver,K-Pop,167.236,USA
"Drake, Central Cee",Which One (feat. Central Cee),Hip-Hop/Rap,169.134,USA
LEE CHANHYUK,Endangered Love,Dance,220.203,USA
LEE CHANHYUK,Vivid LaLa Love,Dance,240.081,USA
"HUNTR/X, EJAE, AUDREY NUNA, REI AMI, KPop Demon Hunters Cast, David Guetta",Golden - David Guetta REM/X,K-Pop,194.608,USA
"ILLIT, Sophie Powers",jellyous (Feat. Sophie Powers),K-Pop,163.241,USA
"Metro Boomin, J Money, DJ Spinz",I Want It All,Hip-Hop/Rap,167.267,USA
Chappell Roan,The Subway,Pop,252.276,USA
YENA,Being a Good Girl Hurts,K-Pop,167.013,USA
HANRORO,Welcome!,Rock,190.0,USA
HANRORO,The Suspect,Rock,201.0,USA
HANRORO,"Goodbye, My Summer",Rock,236.0,USA
HANRORO,0+0,Rock,192.0,USA
HANRORO,Light or Rain,Rock,215.0,USA
KiiiKiii,DANCING ALONE,K-Pop,198.877,USA
SHAUN,Way Back Home,Electronic,214.137,USA
keshi,WANTCHU,Pop,199.896,USA
Yorushika,修羅,Alternative,236.084,USA
Ed Sheeran,A Little More,Pop,192.499,USA
"KC, Sik-K",she’s so outta control,Hip-Hop/Rap,198.0,USA
Turtles,비행기,K-Pop,212.96,USA
"Park Da Hye, MAKTUB",Starting With You ❍,R&B/Soul,257.103,USA
GongGongGoo009,Walk,Hip-Hop/Rap,224.107,USA
NCT WISH,Surf,K-Pop,184.0,USA
JEON SOMI,CLOSER,Electronica,158.918,USA
"KEY, EUNHO",Infatuation,K-Pop,199.0,USA
"Way Ched, TRADE L, Leellamarz",FLIRT (Feat. Leellamarz),Hip-Hop/Rap,181.733,USA
Choi Yu Ree,"잘 지내자, 우리",Rock,256.027,USA
"MXZI, Dj Samir, DJ Javi26",MONTAGEM XONADA,Electronic,75.683,USA
BOYNEXTDOOR,Count To Love,K-Pop,158.04,USA
"Vince, G-DRAGON",CHA CHA CHA,R&B/Soul,175.024,USA
LE SSERAFIM,FEARLESS (2023 Ver.),K-Pop,168.867,USA
DAY6,바래 Wish,K-Pop,244.655,USA
DAY6,Love me or Leave me,K-Pop,222.765,USA
OFFICIAL HIGE DANDISM,Laughter,J-Pop,351.427,USA
"Epik High, OHHYUK",HOME IS FAR AWAY,Hip-Hop/Rap,291.002,USA
DAY6,I Loved You,K-Pop,234.535,USA
DAY6,Zombie,K-Pop,209.259,USA
DAY6 (Even of Day),뚫고 지나가요 Right Through Me,K-Pop,217.972,USA
DAY6,Shoot Me,K-Pop,175.837,USA
sunwoojunga,Run with Me,Singer/Songwriter,270.124,USA
DAY6,그게 너의 사랑인지 몰랐어 didn't know,K-Pop,239.041,USA
One Direction,History,Pop,187.421,USA
DAY6,아직 거기 살아 Still There,K-Pop,199.445,USA
DAY6,그녀가 웃었다 She Smiled,K-Pop,202.993,USA
John Mayer,Rosie,Rock,242.747,USA
Objective.,Everything,,,
DAY6,마라톤 Marathon,K-Pop,220.285,USA
DAY6 (Even of Day),MAPLELATTE,Soundtrack,233.16,USA
DAY6,괴물 Monster,K-Pop,216.491,USA
Young K,Love will find a way,Soundtrack,223.8,USA
"DOWOON, Song Heejin",문득 Out of the Blue,K-Pop,196.662,USA
FunkyMo,Maybe Next Time,R&B/Soul,256.604,USA
DAY6,Healer,K-Pop,227.185,USA
DAY6 (Even of Day),파도가 끝나는 곳까지 Where the sea sleeps,K-Pop,257.753,USA
DAY6 (Even of Day),우린 WE,K-Pop,230.746,USA
DAY6,망겜 Shxtty Game,K-Pop,189.408,USA
Epik High,Love Love Love,K-Pop,231.093,USA
Stray Kids,CEREMONY,K-Pop,164.027,USA
Doja Cat,Jealous Type,Pop,163.647,USA
Daniel Caesar,Call On Me,Alternative,169.295,USA
Stray Kids,삐처리 BLEEP,K-Pop,167.027,USA
CORTIS,What You Want,K-Pop,194.093,USA
Stray Kids,CREED,K-Pop,161.027,USA
Stray Kids,엉망 (MESS),K-Pop,209.013,USA
Stray Kids,반전 (Half Time),K-Pop,170.013,USA
Stray Kids,In My Head,K-Pop,176.013,USA
"Nakama, Mc Staff",MENTE MÁ,Electronic,75.302,USA
고추잠자리,OPENING,Pop,207.0,USA
IVE,XOXZ,K-Pop,154.0,USA
Zion.T,LOVE ME,Hip-Hop/Rap,117.012,USA
"Crush, SUMIN",UP ALL NITE (Feat. SUMIN),R&B/Soul,186.0,USA
Crush,2-5-1,R&B/Soul,154.042,USA
Sabrina Carpenter,Tears,Pop,160.184,USA
Lim Young Woong,Eternal Moment,K-Pop,208.0,USA
Lim Young Woong,ULSSIGU,K-Pop,201.0,USA
Lim Young Woong,Unread Message,K-Pop,235.0,USA
"Crush, Loco",FREQUENCY (Feat. Loco),Música Mexicana,196.267,USA
Sabrina Carpenter,My Man on Willpower,Pop,197.817,USA
Lim Young Woong,I’m HERO,K-Pop,164.0,USA
Lim Young Woong,Left in the Rain,K-Pop,254.0,USA
Lim Young Woong,Melody for You,K-Pop,236.0,USA
Lim Young Woong,Wonderful Life,K-Pop,175.0,USA
Lim Young Woong,"I’m sorry, But…",K-Pop,219.0,USA
Lim Young Woong,Wild flower,K-Pop,255.0,USA
Lim Young Woong,A Song For Us,K-Pop,219.0,USA
Jimin,Set Me Free Pt.2,Hip-Hop/Rap,107.253,USA
Lim Young Woong,Don’t look back at me,K-Pop,212.0,USA
Yoko Takahashi,残酷な天使のテーゼ,Anime,247.747,USA
DELISPICE,고백,K-Pop,323.532,USA
NCT WISH,COLOR,K-Pop,180.0,USA
NCT WISH,Baby Blue,K-Pop,151.0,USA
NCT WISH,Cheat Code,K-Pop,181.0,USA
Juho,without me,Alternative,228.816,USA
NCT WISH,Reel-ationship,K-Pop,189.0,USA
NCT WISH,Videohood,K-Pop,181.0,USA
NCT WISH,WICHU,K-Pop,208.0,USA
데이먼스 이어 Damons year,Auburn - HEADACHE. Version,Indie Rock,185.0,USA
Silica Gel,NO PAIN,Rock,219.415,USA
aespa,Rich Man,K-Pop,197.578,USA
aespa,Drift,K-Pop,177.874,USA
aespa,Bubble,K-Pop,150.26,USA
DAY6,INSIDE OUT,K-Pop,180.88,USA
aespa,Count On Me,K-Pop,213.333,USA
aespa,Angel #48,Drama,4671.417,USA
DAY6,꿈의 버스 Dream Bus,K-Pop,161.027,USA
aespa,To The Girls,K-Pop,240.44,USA
DAY6,"해야 뜨지 말아 줘 Sun, Stay Asleep",K-Pop,193.093,USA
DAY6,Disco Day,K-Pop,186.093,USA
DAY6,My Way,K-Pop,192.84,USA
Justin Bieber,SPEED DEMON,Pop,211.96,USA
Justin Bieber,LOVE SONG,Pop,191.573,USA
DAY6,별들 앞에서 Before the Stars,K-Pop,223.547,USA
DAY6,Take All My Heart,K-Pop,203.547,USA
Justin Bieber,BETTER MAN,Pop,169.0,USA
DAY6,날아라! 드림라이더 Dream Rider,K-Pop,184.267,USA
DAY6,드디어 끝나갑니다 So It’s the End,K-Pop,182.76,USA
CORTIS,GO!,K-Pop,170.88,USA
HAECHAN,CRZY,K-Pop,206.481,USA
CORTIS,FaSHioN,K-Pop,174.653,USA
DECO*27,モニタリング (Best Friend Remix),J-Pop,178.383,USA
CORTIS,JoyRide,K-Pop,157.733,USA
Novelbright,Walking with you,Rock,223.187,USA
IU,"Bye, Summer",K-Pop,219.0,USA
"VALORANT, templuv, 347aidan",Last Shot,Pop,184.518,USA
ILLIT,Toki Yo Tomare,J-Pop,188.12,USA
Lady Gaga,The Dead Dance,Pop,228.519,USA
Love Is,Chains,K-Pop,197.0,USA
Leessang,Ballerino,K-Pop,267.389,USA
ZEROBASEONE,ICONIK,K-Pop,193.0,USA
"BIG Naughty, LEE MU JIN",Bye Bye (Feat. LEE MU JIN),K-Pop,268.0,USA
Kenshi Yonezu,IRIS OUT,J-Pop,151.573,USA
PLAVE,숨바꼭질 (Hide and Seek),Korean Rock,204.133,USA
DAYOUNG,body,K-Pop,168.0,USA
Kenshi Yonezu,KICK BACK,J-Pop,193.495,USA
"Leellamarz, TOIL, Paloalto",GONE,Hip-Hop,224.527,USA
"Mark Vank, Samu",4AM IN IBIZA,Electronic,220.004,USA
CHAEYOUNG,SHOOT (Firecracker),K-Pop,168.531,USA
Aimyon,愛を伝えたいだとか,J-Pop,235.241,USA
Joosiq,Think About You,R&B/Soul,212.609,USA
d4vd,Romantic Homicide,Alternative,132.631,USA
"Earth, Wind & Fire",September,R&B/Soul,214.867,USA
야다,이미 슬픈 사랑,K-Pop,243.908,USA
"Kenshi Yonezu, Hikaru Utada",JANE DOE,J-Pop,235.947,USA
AiNA THE END,革命道中 - On The Way,J-Pop,197.668,USA
BROWN EYED SOUL,Moments Like This,R&B/Soul,283.307,USA
WOODZ,I'll Never Love Again,K-Pop,225.0,USA
Hearts2Hearts,Pretty Please,K-Pop,204.322,USA
Doja Cat,Gorgeous,Pop,266.021,USA
Rokudenashi,ただ声一つ,J-Pop,161.561,USA
Heo Hoy Kyung,Kim Cheolsu Story,Korean Folk-Pop,248.434,USA
imase,NIGHT DANCER,J-Pop,210.948,USA
izna,Mamma Mia,Hip-Hop/Rap,159.525,USA
BOYNEXTDOOR,Ruin My Life,Soundtrack,185.0,USA
Mrs. GREEN APPLE,インフェルノ,Rock,212.547,USA
Taylor Swift,The Fate of Ophelia,Pop,226.074,USA
Taylor Swift,Opalite,Pop,235.356,USA
Taylor Swift,Elizabeth Taylor,Pop,208.292,USA
Taylor Swift,Father Figure,Pop,212.777,USA
Taylor Swift,Wood,Pop,150.518,USA
"Taylor Swift, Sabrina Carpenter",The Life of a Showgirl (feat. Sabrina Carpenter),Pop,241.767,USA
Taylor Swift,Eldest Daughter,Pop,246.356,USA
Taylor Swift,Actually Romantic,Pop,42.435,USA
Taylor Swift,Wi$h Li$t,Pop,207.349,USA
Taylor Swift,Ruin The Friendship,Pop,220.565,USA
Yerin Baek,MIRROR,Singer/Songwriter,261.763,USA
Taylor Swift,CANCELLED!,Pop,211.498,USA
Taylor Swift,Honey,Pop,42.053,USA
Lee Moon Sae,깊은 밤을 날아서,Folk,182.867,USA
kensuke ushio,in the pool,Soundtrack,245.44,USA
"JISOO, ZAYN",EYES CLOSED (with ZAYN),K-Pop,181.375,USA
BABYMONSTER,WE GO UP,Korean Hip-Hop,186.973,USA
HANRORO,"Even if you leave,",Rock,272.0,USA
Kenshi Yonezu,LADY,J-Pop,207.167,USA
Tatsuya Kitani,青のすみか,Alternative,196.467,USA
고추잠자리,걸어줄래,Pop,258.0,USA
Na Yoon Kwon,나였으면,K-Pop,262.562,USA
NMIXX,Blue Valentine,K-Pop,186.0,USA
NMIXX,SPINNIN′ ON IT,K-Pop,196.0,USA
NMIXX,Phoenix,K-Pop,164.0,USA
NMIXX,Reality Hurts,K-Pop,155.0,USA
MEOVV,BURNING UP,K-Pop,169.547,USA
NMIXX,RICO,K-Pop,152.0,USA
NMIXX,Game Face,K-Pop,163.0,USA
NMIXX,PODIUM,K-Pop,181.0,USA
NMIXX,Crush On You,K-Pop,159.0,USA
TWS,OVERDRIVE,K-Pop,160.0,USA
NMIXX,ADORE U,K-Pop,150.0,USA
AOA,Miniskirt,K-Pop,179.808,USA
Sung Si Kyung,거리에서,K-Pop,279.267,USA
Kenshi Yonezu,1991,J-Pop,227.392,USA
Joji,PIXELATED KISSES,Alternative,110.431,USA
Charlie Puth,Changes,Pop,184.133,USA
HWASA,Good Goodbye,K-Pop,223.0,USA
BOYNEXTDOOR,Hollywood Action,Pop,148.0,USA
Hearts2Hearts,FOCUS,K-Pop,177.052,USA
BOYNEXTDOOR,Live In Paris,Pop,117.0,USA
BOYNEXTDOOR,As Time Goes By,R&B/Soul,223.133,USA
BOYNEXTDOOR,JAM!,Hip-Hop,148.0,USA
BOYNEXTDOOR,Bathroom,Rock,140.0,USA
Oasis,Wonderwall - Remastered,Indie Rock,258.773,USA
Hearts2Hearts,Apple Pie,K-Pop,186.259,USA
Oasis,Acquiesce - Remastered,Indie Rock,267.987,USA
Oasis,Supersonic - Remastered,Indie Rock,283.787,USA
Oasis,Champagne Supernova - Remastered,Indie Rock,449.32,USA
Oasis,Live Forever,Indie Rock,276.867,USA
Hearts2Hearts,Flutter,K-Pop,185.244,USA
DAVICHI,TIME CAPSULE,K-Pop,252.0,USA
"LE SSERAFIM, j-hope",SPAGHETTI,K-Pop,172.04,USA
LE SSERAFIM,Pearlies (My oyster is the world),K-Pop,187.8,USA
"LE SSERAFIM, j-hope",SPAGHETTI (English ver.),K-Pop,172.04,USA
LE SSERAFIM,SPAGHETTI (Member ver.),K-Pop,137.36,USA
Daniel Caesar,Root of all Evil,R&B/Soul,265.0,USA
"Daniel Caesar, Sampha",Rain Down (Feat. Sampha),R&B/Soul,187.628,USA
Travis Scott,SICKO MODE,Hip-Hop/Rap,312.82,USA
Travis Scott,BUTTERFLY EFFECT,Hip-Hop/Rap,190.557,USA
Travis Scott,goosebumps,Hip-Hop/Rap,243.837,USA
Travis Scott,HIGHEST IN THE ROOM,Hip-Hop/Rap,175.721,USA
HANRORO,The last stop of our pain,Rock,252.0,USA
"BIG Naughty, 10CM",Just 1 year (Feat. 10CM),K-Pop,182.0,USA
Roy Kim,No Words Can Say,K-Pop,236.0,USA
&TEAM,Back to Life,Country,214.219,USA
Sondia,Grown Ups,Soundtrack,259.887,USA
&TEAM,MISMATCH,K-Pop,203.578,USA
"DEAN, Miso",Nocturne 07 (for aerse),R&B/Soul,152.473,USA
LUCY,Where's Your Love,Rock,194.0,USA
"Dynamicduo, DJ Premier",AEAO,Hip-Hop,316.944,USA
"cape, JXNDRO, Sayfalse",MONTAGEM RUGADA,Dance,92.385,USA
Mariah Carey,All I Want for Christmas Is You,Christmas: Pop,241.562,USA
JUNHEE,I'M GONE,R&B/Soul,199.842,USA
"SYSTEM SEOUL, ycs",너,Hip-Hop/Rap,193.567,USA
TWICE,What is Love?,K-Pop,208.227,USA
"DJ Snake, Stray Kids",In The Dark (with Stray Kids),Dance,179.31,USA
Joji,Past Won't Leave My Bed,Alternative,166.107,USA
YEONJUN,Talk to You,K-Pop,150.2,USA
natori,プロポーズ,J-Pop,178.381,USA
PLAVE,BBUU!,R&B/Soul,172.0,USA
PLAVE,Bongsoong-a,R&B/Soul,163.0,USA
Lee Juck,Don't worry,Soundtrack,231.696,USA
"YEONJUN, Daniela Avanzini",Let Me Tell You (feat. Daniela of KATSEYE),K-Pop,154.053,USA
Sia,Snowman,Holiday,165.9,USA
SG Wannabe,Timeless,K-Pop,237.871,USA
Charli xcx,Chains of Love,Pop,170.106,USA
HANRORO,Goldfish,Rock,212.0,USA
"YECHAN, AISH",WHY? (feat. AISH),Korean Indie,146.571,USA
ALLDAY PROJECT,ONE MORE TIME,K-Pop,195.26,USA
Ariana Grande,Santa Tell Me,Holiday,204.093,USA
aespa,GOOD STUFF - KARINA Solo,K-Pop,175.018,USA
Tyla,CHANEL,Pop,188.06,USA
NCT DREAM,Beat It Up,K-Pop,200.0,USA
HANRORO,How To Go On,Rock,217.0,USA
10CM,Stalker,Folk,252.801,USA
Na Yoon Kwon,기대,K-Pop,278.4,USA
JUSTHIS,LIT,Hip-Hop/Rap,277.293,USA
"JUSTHIS, BUMKEY",Who Am I To Say (feat. Bumkey),,,
JUSTHIS,Curse,,,
JUSTHIS,Don’t Cross,,,
JUSTHIS,Gimmie,,,
JUSTHIS,LOST,Soundtrack,129.643,USA
JUSTHIS,Childhood,Electronic,249.137,USA
JUSTHIS,Interrude,,,
"JUSTHIS, Illinit",Can’t Quit THIS Shit (feat. ILLINIT),,,
"JUSTHIS, Insooni",VIVID (feat. Insooni),,,
"JUSTHIS, DEAN",Friend (feat. DEAN),,,
"JUSTHIS, Ra.D",Round and Round (feat. Ra. D),Hip-Hop/Rap,283.842,USA
JUSTHIS,Wrap It Up,Hip-Hop/Rap,277.293,USA
JUSTHIS,Dusty Mauve Intermission,Hip-Hop/Rap,491.283,USA
JUSTHIS,THISISJUSTHIS Pt. III,K-Pop,251.093,USA
JUSTHIS,THISpatch,,,
JUSTHIS,HOME HOME,Hip-Hop/Rap,189.876,USA
JUSTHIS,Mine,Hip-Hop,233.347,USA
"JUSTHIS, DUT2, Street Baby, GongGongGoo009","Lost Love (feat. DUT2 , Street Baby, GongGongGoo009)",,,
Stray Kids,Do It,K-Pop,159.0,USA
Stray Kids,신선놀음 DIVINE,K-Pop,187.0,USA
Stray Kids,Holiday,K-Pop,187.0,USA
Woody,Say I Love You,K-Pop,215.48,USA
Wham!,Last Christmas,Holiday,262.96,USA
ILLIT,NOT CUTE ANYMORE,K-Pop,131.998,USA
RIIZE,Fame,K-Pop,176.848,USA
ILLIT,NOT ME,K-Pop,154.313,USA
HANRORO,Don't be afraid to fall,Rock,211.0,USA
Ai Tomioka,Good bye-bye,J-Pop,201.137,USA
2BIC,Love Game,K-Pop,226.861,USA
RIIZE,Sticky Like,K-Pop,197.383,USA
Kelly Clarkson,Underneath the Tree,Holiday,229.638,USA
RIIZE,Something’s in the Water,K-Pop,146.687,USA
"Loco, HWASA",Don’t,K-Pop,231.654,USA
BOL4,Eternal love,K-Pop,225.107,USA
Jung Seung Hwan,If It Is You,Soundtrack,272.847,USA
NOWZ,HomeRUN,K-Pop,167.0,USA
"KC, Sik-K, HAON, NOWIMYOUNG, HIRA",KOCAINE CASTLE,Hip-Hop/Rap,207.486,USA
"KC, Sik-K, HAON, JMIN, NOWIMYOUNG",KANDY CRUSH,Hip-Hop/Rap,152.527,USA
"KC, Sik-K",KUNICHI'S CALL,Hip-Hop/Rap,84.683,USA
"KC, HAON, JMIN, NOWIMYOUNG",KURT COBAIN,,,
george,I'll change,K-Pop,252.857,USA
natori,Overdose,J-Pop,197.094,USA
"KC, Sik-K, HAON, NOWIMYOUNG",KARMA COLLECTOR,Hip-Hop/Rap,152.527,USA
KRYSTAL,Solitary,R&B/Soul,138.0,USA
"KC, Sik-K, HAON, JMIN, NOWIMYOUNG",KAY COOL,Hip-Hop/Rap,152.527,USA
"KC, NOWIMYOUNG",KOLOK COLOK,Hip-Hop/Rap,91.296,USA
"Disney, Shakira",Zoo,Soundtrack,190.823,USA
"noahjooda, Basick","Love over hip hop, money over love (feat. Basick)",Hip-Hop/Rap,234.375,USA
TAEYEON,Panorama,K-Pop,180.0,USA
Michael Bublé,It's Beginning to Look a Lot like Christmas,Holiday,207.2,USA
fromis_9,White Memories,Dance,181.0,USA
데이먼스 이어 Damons year,Mondegreen,Rock,193.498,USA
Vaundy,Kaiju no Hanauta,Rock,224.805,USA
Justin Bieber,Mistletoe,Holiday,182.947,USA
back number,ヒロイン,J-Pop,270.04,USA
Brenda Lee,Rockin' Around The Christmas Tree,Holiday,126.267,USA
"LEE MU JIN, Heize",When it snows(Feat.Heize),K-Pop,232.027,USA
Bobby Helms,Jingle Bell Rock,Holiday,130.973,USA
Alessia Cara,Make It To Christmas,Holiday,210.983,USA
Broski Musiq,Honesty,Pop,114.644,USA
Jonas Brothers,Like It's Christmas,Holiday,200.873,USA
ALLDAY PROJECT,LOOK AT ME,K-Pop,159.687,USA
ALLDAY PROJECT,YOU AND I,K-Pop,189.996,USA
"ALLDAY PROJECT, ANNIE, WOOCHAN",WHERE YOU AT,K-Pop,162.07,USA
"ALLDAY PROJECT, TARZZAN, BAILEY",HOT,K-Pop,191.584,USA
Silica Gel,BIG VOID,Rock,221.327,USA
"ksmartboi, GGM Kimbo",HARARI FLOW (feat. GGM Kimbo),,,
"ksmartboi, Kid Milli",Silicon Valley (feat. Kid Milli),,,
"ksmartboi, YUMDDA",Infinity Stairs (feat. Yumdda),,,
Dean Martin,Let It Snow! Let It Snow! Let It Snow!,Christmas: Classic,117.711,USA
Sung Si Kyung,Every moment of you,Soundtrack,243.436,USA
Nat King Cole,The Christmas Song (Merry Christmas To You),Holiday,192.151,USA
DAY6,Lovin' the Christmas,K-Pop,181.786,USA
AILEE,I Will Go To You Like the First Snow,Soundtrack,229.678,USA
Andy Williams,It's the Most Wonderful Time of the Year,Christmas: Classic,152.57,USA
"ZICO, Lilas",DUET,K-Pop,146.0,USA
Hara,One Taste,K-Pop,164.3,USA
Michael Bublé,Holly Jolly Christmas,Holiday,121.527,USA
"Wang OK, 李天责",Before spring ends（在春天消失之前）,Jazz,178.143,USA
EXO,Growl,K-Pop,207.113,USA
Britney Spears,My Only Wish (This Year),Christmas: Pop,255.4,USA
Ariana Grande,Last Christmas,Holiday,204.683,USA
"Gwen Stefani, Blake Shelton",You Make It Feel Like Christmas (feat. Blake Shelton),Holiday,157.804,USA
"Kelly Clarkson, Ariana Grande","Santa, Can’t You Hear Me",Holiday,242.645,USA
Ava Max,Christmas Without You,Holiday,169.245,USA
Laufey,Winter Wonderland,Jazz,132.8,USA
Brown Eyed Girls,Must Have Love,K-Pop,259.88,USA
Darlene Love,Christmas (Baby Please Come Home),Christmas: Classic,170.144,USA
Sabrina Carpenter,A Nonsense Christmas,Pop,153.1,USA
The Ronettes,Sleigh Ride,Christmas: Classic,186.241,USA
"Straight No Chaser, Kristen Bell",Text Me Merry Christmas (feat. Kristen Bell),Holiday,160.836,USA
José Feliciano,Feliz Navidad,Holiday,181.795,USA
Lukas Graham,HERE (For Christmas),Holiday,240.689,USA
Taylor Swift,Lover,Pop,221.3,USA
"IU, Chundung",Merry Christmas ahead (feat.Chundung),,,
Chuck Berry,Run Rudolph Run,Rock,165.733,USA
Sia,Santa's Coming for Us,Holiday,206.539,USA
Liam Payne,All I Want (For Christmas),Pop,181.144,USA
John Williams,"Carol of the Bells (From ""Home Alone"" Soundtrack)",Soundtrack,85.267,USA
Bebe Rexha,Count on Christmas,Holiday,179.931,USA
Sia,Candy Cane Lane,Holiday,212.387,USA
The Vamps,Jingle Bell Rock,Pop,135.207,USA
John Legend,Bring Me Love,Holiday,199.253,USA
back number,クリスマスソング,J-Pop,340.72,USA
"Sung Si Kyung, Park Hyo Shin, Lee Seok Hoon, Seo In Guk, VIXX",Because It's Christmas,K-Pop,225.307,USA
TWICE,Merry & Happy,Urbano latino,181.109,USA
YANGHONGWON,EVE,Hip-Hop/Rap,204.992,USA
YANGHONGWON,SONAGY,,,
BABYMONSTER,Really Like You,R&B/Soul,197.657,USA
Djo,End of Beginning,Alternative,159.246,USA
WJSN,As You Wish,K-Pop,195.668,USA
Gaho,시작,TV Soundtrack,202.44,USA
Panic! At The Disco,High Hopes,Alternative,190.947,USA
aespa,Live My Life,K-Pop,159.133,USA
Olivia Dean,So Easy (To Fall In Love),Pop,169.0,USA
